style	size	char	x	y	width	height	advance	bearing_x	bearing_y	baseline	ink	ascent	descent
R	20	20	4	4	1	1	4	0	0	19	0	24	6
R	20	21	9	4	4	16	6	1	-16	19	1	24	6
R	20	22	17	4	7	6	9	1	-16	19	1	24	6
R	20	23	28	4	11	15	11	0	-15	19	1	24	6
R	20	24	43	4	9	19	11	1	-17	19	1	24	6
R	20	25	56	4	18	15	18	0	-15	19	1	24	6
R	20	26	78	4	14	15	14	0	-15	19	1	24	6
R	20	27	96	4	3	6	6	1	-16	19	1	24	6
R	20	28	103	4	5	21	7	1	-17	19	1	24	6
R	20	29	112	4	5	21	7	0	-17	19	1	24	6
R	20	2A	121	4	7	7	9	1	-16	19	1	24	6
R	20	2B	132	4	11	11	11	0	-13	19	1	24	6
R	20	2C	147	4	4	7	6	1	-3	19	1	24	6
R	20	2D	155	4	7	2	7	0	-7	19	1	24	6
R	20	2E	166	4	4	3	6	1	-3	19	1	24	6
R	20	2F	174	4	8	20	8	0	-16	19	1	24	6
R	20	30	186	4	10	15	11	1	-15	19	1	24	6
R	20	31	200	4	9	15	11	1	-15	19	1	24	6
R	20	32	213	4	11	15	11	0	-15	19	1	24	6
R	20	33	228	4	10	15	11	0	-15	19	1	24	6
R	20	34	242	4	11	15	11	0	-15	19	1	24	6
R	20	35	257	4	11	15	11	0	-15	19	1	24	6
R	20	36	272	4	10	15	11	1	-15	19	1	24	6
R	20	37	286	4	11	15	11	0	-15	19	1	24	6
R	20	38	301	4	11	15	11	0	-15	19	1	24	6
R	20	39	316	4	10	15	11	0	-15	19	1	24	6
R	20	3A	330	4	4	11	6	1	-11	19	1	24	6
R	20	3B	338	4	4	15	6	1	-11	19	1	24	6
R	20	3C	346	4	11	9	11	0	-12	19	1	24	6
R	20	3D	361	4	11	7	11	0	-11	19	1	24	6
R	20	3E	376	4	11	9	11	0	-12	19	1	24	6
R	20	3F	391	4	9	16	9	0	-16	19	1	24	6
R	20	40	404	4	17	19	19	1	-15	19	1	24	6
R	20	41	425	4	13	15	12	0	-15	19	1	24	6
R	20	42	442	4	11	15	13	2	-15	19	1	24	6
R	20	43	457	4	11	15	13	1	-15	19	1	24	6
R	20	44	472	4	11	15	14	2	-15	19	1	24	6
R	20	45	487	4	9	15	12	2	-15	19	1	24	6
R	20	46	500	4	9	15	11	2	-15	19	1	24	6
R	20	47	513	4	12	15	14	1	-15	19	1	24	6
R	20	48	529	4	11	15	15	2	-15	19	1	24	6
R	20	49	544	4	2	15	6	2	-15	19	1	24	6
R	20	4A	550	4	9	15	11	0	-15	19	1	24	6
R	20	4B	563	4	11	15	13	2	-15	19	1	24	6
R	20	4C	578	4	9	15	11	2	-15	19	1	24	6
R	20	4D	591	4	13	15	16	2	-15	19	1	24	6
R	20	4E	608	4	11	15	14	2	-15	19	1	24	6
R	20	4F	623	4	13	15	15	1	-15	19	1	24	6
R	20	50	640	4	10	15	13	2	-15	19	1	24	6
R	20	51	654	4	13	19	15	1	-15	19	1	24	6
R	20	52	671	4	11	15	13	2	-15	19	1	24	6
R	20	53	686	4	11	15	12	1	-15	19	1	24	6
R	20	54	701	4	12	15	12	0	-15	19	1	24	6
R	20	55	717	4	12	15	14	1	-15	19	1	24	6
R	20	56	733	4	12	15	12	0	-15	19	1	24	6
R	20	57	749	4	17	15	18	0	-15	19	1	24	6
R	20	58	770	4	12	15	11	0	-15	19	1	24	6
R	20	59	786	4	11	15	11	0	-15	19	1	24	6
R	20	5A	801	4	11	15	12	1	-15	19	1	24	6
R	20	5B	816	4	5	20	7	2	-16	19	1	24	6
R	20	5C	825	4	8	20	8	0	-16	19	1	24	6
R	20	5D	837	4	5	20	7	0	-16	19	1	24	6
R	20	5E	846	4	9	9	11	1	-15	19	1	24	6
R	20	5F	859	4	11	2	11	0	1	19	1	24	6
R	20	60	874	4	6	5	12	2	-18	19	1	24	6
R	20	61	884	4	9	11	11	1	-11	19	1	24	6
R	20	62	897	4	11	16	12	1	-16	19	1	24	6
R	20	63	912	4	9	11	10	1	-11	19	1	24	6
R	20	64	925	4	10	16	12	1	-16	19	1	24	6
R	20	65	939	4	10	11	11	1	-11	19	1	24	6
R	20	66	953	4	8	17	7	0	-17	19	1	24	6
R	20	67	965	4	10	16	11	1	-11	19	1	24	6
R	20	68	979	4	10	16	12	1	-16	19	1	24	6
R	20	69	993	4	3	16	6	1	-16	19	1	24	6
R	20	6A	1000	4	5	21	6	-1	-16	19	1	24	6
R	20	6B	1009	4	10	17	11	1	-17	19	1	24	6
R	20	6C	1023	4	4	17	6	1	-17	19	1	24	6
R	20	6D	1031	4	16	11	19	1	-11	19	1	24	6
R	20	6E	1051	4	10	11	12	1	-11	19	1	24	6
R	20	6F	1065	4	11	11	12	1	-11	19	1	24	6
R	20	70	1080	4	11	16	12	1	-11	19	1	24	6
R	20	71	1095	4	10	16	12	1	-11	19	1	24	6
R	20	72	1109	4	7	11	8	1	-11	19	1	24	6
R	20	73	1120	4	9	11	9	0	-11	19	1	24	6
R	20	74	1133	4	8	15	8	0	-15	19	1	24	6
R	20	75	1145	4	10	11	12	1	-11	19	1	24	6
R	20	76	1159	4	11	11	10	0	-11	19	1	24	6
R	20	77	1174	4	16	11	16	0	-11	19	1	24	6
R	20	78	1194	4	10	11	10	0	-11	19	1	24	6
R	20	79	1208	4	11	16	10	0	-11	19	1	24	6
R	20	7A	1223	4	9	11	10	0	-11	19	1	24	6
R	20	7B	1236	4	7	20	7	0	-16	19	1	24	6
R	20	7C	1247	4	2	23	5	2	-17	19	1	24	6
R	20	7D	1253	4	6	20	7	0	-16	19	1	24	6
R	20	7E	1263	4	11	4	11	0	-9	19	1	24	6
R	20	4E66	1278	4	18	20	20	1	-18	19	1	24	6
R	20	4ECA	1300	4	20	20	20	0	-18	19	1	24	6
R	20	5171	1324	4	20	20	20	0	-18	19	1	24	6
R	20	5206	1348	4	20	20	20	0	-18	19	1	24	6
R	20	524D	1372	4	18	20	20	1	-18	19	1	24	6
R	20	5468	1394	4	18	19	20	0	-17	19	1	24	6
R	20	56F4	1416	4	18	19	20	1	-17	19	1	24	6
R	20	5747	1438	4	19	20	20	0	-18	19	1	24	6
R	20	5929	1461	4	20	18	20	0	-16	19	1	24	6
R	20	5C0F	1485	4	20	20	20	0	-18	19	1	24	6
R	20	5E74	1509	4	20	20	20	0	-18	19	1	24	6
R	20	5EA6	1533	4	20	20	20	0	-18	19	1	24	6
R	20	5F53	1557	4	16	20	20	2	-18	19	1	24	6
R	20	5F55	1577	4	18	19	20	1	-17	19	1	24	6
R	20	603B	1599	4	20	20	20	0	-18	19	1	24	6
R	20	60C5	1623	4	20	20	20	0	-18	19	1	24	6
R	20	6309	1647	4	20	20	20	0	-18	19	1	24	6
R	20	6570	1671	4	20	20	20	0	-18	19	1	24	6
R	20	65E0	1695	4	20	18	20	0	-16	19	1	24	6
R	20	65E5	1719	4	14	18	20	3	-16	19	1	24	6
R	20	65F6	1737	4	19	20	20	1	-18	19	1	24	6
R	20	6682	1760	4	19	20	20	1	-18	19	1	24	6
R	20	6708	1783	4	17	19	20	0	-17	19	1	24	6
R	20	672C	1804	4	20	20	20	0	-18	19	1	24	6
R	20	6EE1	1828	4	20	20	20	0	-18	19	1	24	6
R	20	7684	1852	4	18	20	20	1	-18	19	1	24	6
R	20	79D2	1874	4	20	20	20	0	-18	19	1	24	6
R	20	7B2C	1898	4	19	20	20	0	-18	19	1	24	6
R	20	7C4D	1921	4	19	20	20	0	-18	19	1	24	6
R	20	8303	1944	4	19	20	20	1	-18	19	1	24	6
R	20	8BB0	1967	4	20	19	20	0	-17	19	1	24	6
R	20	8BE6	1991	4	20	20	20	0	-18	19	1	24	6
R	20	8BFB	2015	4	20	20	20	0	-18	19	1	24	6
R	20	8FD1	4	31	20	20	20	0	-18	19	1	24	6
R	20	8FDB	28	31	20	20	20	0	-18	19	1	24	6
R	20	949F	52	31	19	20	20	0	-18	19	1	24	6
R	20	957F	75	31	19	20	20	1	-18	19	1	24	6
R	20	9605	98	31	18	20	20	1	-18	19	1	24	6
R	20	9875	120	31	18	19	20	1	-17	19	1	24	6
R	20	FF0C	142	31	5	8	20	2	-5	19	1	24	6
B	20	20	151	31	1	1	4	0	0	19	0	24	6
B	20	21	156	31	6	18	6	0	-17	19	1	24	6
B	20	22	166	31	9	8	9	0	-17	19	1	24	6
B	20	23	179	31	13	17	11	-1	-16	19	1	24	6
B	20	24	196	31	11	21	11	0	-18	19	1	24	6
B	20	25	211	31	20	17	18	-1	-16	19	1	24	6
B	20	26	235	31	16	17	14	-1	-16	19	1	24	6
B	20	27	255	31	5	8	6	0	-17	19	1	24	6
B	20	28	264	31	7	23	7	0	-18	19	1	24	6
B	20	29	275	31	7	23	7	-1	-18	19	1	24	6
B	20	2A	286	31	9	9	9	0	-17	19	1	24	6
B	20	2B	299	31	13	13	11	-1	-14	19	1	24	6
B	20	2C	316	31	6	9	6	0	-4	19	1	24	6
B	20	2D	326	31	9	4	7	-1	-8	19	1	24	6
B	20	2E	339	31	6	5	6	0	-4	19	1	24	6
B	20	2F	349	31	10	22	8	-1	-17	19	1	24	6
B	20	30	363	31	12	17	11	0	-16	19	1	24	6
B	20	31	379	31	11	17	11	0	-16	19	1	24	6
B	20	32	394	31	13	17	11	-1	-16	19	1	24	6
B	20	33	411	31	12	17	11	-1	-16	19	1	24	6
B	20	34	427	31	13	17	11	-1	-16	19	1	24	6
B	20	35	444	31	13	17	11	-1	-16	19	1	24	6
B	20	36	461	31	12	17	11	0	-16	19	1	24	6
B	20	37	477	31	13	17	11	-1	-16	19	1	24	6
B	20	38	494	31	13	17	11	-1	-16	19	1	24	6
B	20	39	511	31	12	17	11	-1	-16	19	1	24	6
B	20	3A	527	31	6	13	6	0	-12	19	1	24	6
B	20	3B	537	31	6	17	6	0	-12	19	1	24	6
B	20	3C	547	31	13	11	11	-1	-13	19	1	24	6
B	20	3D	564	31	13	9	11	-1	-12	19	1	24	6
B	20	3E	581	31	13	11	11	-1	-13	19	1	24	6
B	20	3F	598	31	11	18	9	-1	-17	19	1	24	6
B	20	40	613	31	19	21	19	0	-16	19	1	24	6
B	20	41	636	31	15	17	12	-1	-16	19	1	24	6
B	20	42	655	31	13	17	13	1	-16	19	1	24	6
B	20	43	672	31	13	17	13	0	-16	19	1	24	6
B	20	44	689	31	13	17	14	1	-16	19	1	24	6
B	20	45	706	31	11	17	12	1	-16	19	1	24	6
B	20	46	721	31	11	17	11	1	-16	19	1	24	6
B	20	47	736	31	14	17	14	0	-16	19	1	24	6
B	20	48	754	31	13	17	15	1	-16	19	1	24	6
B	20	49	771	31	4	17	6	1	-16	19	1	24	6
B	20	4A	779	31	11	17	11	-1	-16	19	1	24	6
B	20	4B	794	31	13	17	13	1	-16	19	1	24	6
B	20	4C	811	31	11	17	11	1	-16	19	1	24	6
B	20	4D	826	31	15	17	16	1	-16	19	1	24	6
B	20	4E	845	31	13	17	14	1	-16	19	1	24	6
B	20	4F	862	31	15	17	15	0	-16	19	1	24	6
B	20	50	881	31	12	17	13	1	-16	19	1	24	6
B	20	51	897	31	15	21	15	0	-16	19	1	24	6
B	20	52	916	31	13	17	13	1	-16	19	1	24	6
B	20	53	933	31	14	17	12	-1	-16	19	1	24	6
B	20	54	951	31	14	17	12	-1	-16	19	1	24	6
B	20	55	969	31	14	17	14	0	-16	19	1	24	6
B	20	56	987	31	14	17	12	-1	-16	19	1	24	6
B	20	57	1005	31	19	17	18	-1	-16	19	1	24	6
B	20	58	1028	31	14	17	11	-1	-16	19	1	24	6
B	20	59	1046	31	13	17	11	-1	-16	19	1	24	6
B	20	5A	1063	31	13	17	12	0	-16	19	1	24	6
B	20	5B	1080	31	7	22	7	1	-17	19	1	24	6
B	20	5C	1091	31	10	22	8	-1	-17	19	1	24	6
B	20	5D	1105	31	7	22	7	-1	-17	19	1	24	6
B	20	5E	1116	31	11	11	11	0	-16	19	1	24	6
B	20	5F	1131	31	13	4	11	-1	0	19	1	24	6
B	20	60	1148	31	8	7	12	1	-19	19	1	24	6
B	20	61	1160	31	11	13	11	0	-12	19	1	24	6
B	20	62	1175	31	13	18	12	0	-17	19	1	24	6
B	20	63	1192	31	11	13	10	0	-12	19	1	24	6
B	20	64	1207	31	12	18	12	0	-17	19	1	24	6
B	20	65	1223	31	12	13	11	0	-12	19	1	24	6
B	20	66	1239	31	10	19	7	-1	-18	19	1	24	6
B	20	67	1253	31	12	18	11	0	-12	19	1	24	6
B	20	68	1269	31	12	18	12	0	-17	19	1	24	6
B	20	69	1285	31	5	18	6	0	-17	19	1	24	6
B	20	6A	1294	31	7	23	6	-2	-17	19	1	24	6
B	20	6B	1305	31	12	19	11	0	-18	19	1	24	6
B	20	6C	1321	31	6	19	6	0	-18	19	1	24	6
B	20	6D	1331	31	18	13	19	0	-12	19	1	24	6
B	20	6E	1353	31	12	13	12	0	-12	19	1	24	6
B	20	6F	1369	31	13	13	12	0	-12	19	1	24	6
B	20	70	1386	31	13	18	12	0	-12	19	1	24	6
B	20	71	1403	31	12	18	12	0	-12	19	1	24	6
B	20	72	1419	31	9	13	8	0	-12	19	1	24	6
B	20	73	1432	31	11	13	9	-1	-12	19	1	24	6
B	20	74	1447	31	10	17	8	-1	-16	19	1	24	6
B	20	75	1461	31	12	13	12	0	-12	19	1	24	6
B	20	76	1477	31	13	13	10	-1	-12	19	1	24	6
B	20	77	1494	31	18	13	16	-1	-12	19	1	24	6
B	20	78	1516	31	12	13	10	-1	-12	19	1	24	6
B	20	79	1532	31	13	18	10	-1	-12	19	1	24	6
B	20	7A	1549	31	11	13	10	-1	-12	19	1	24	6
B	20	7B	1564	31	9	22	7	-1	-17	19	1	24	6
B	20	7C	1577	31	4	25	5	1	-18	19	1	24	6
B	20	7D	1585	31	8	22	7	-1	-17	19	1	24	6
B	20	7E	1597	31	13	6	11	-1	-10	19	1	24	6
B	20	4E66	1614	31	20	22	20	0	-19	19	1	24	6
B	20	4ECA	1638	31	22	22	20	-1	-19	19	1	24	6
B	20	5171	1664	31	22	22	20	-1	-19	19	1	24	6
B	20	5206	1690	31	22	22	20	-1	-19	19	1	24	6
B	20	524D	1716	31	20	22	20	0	-19	19	1	24	6
B	20	5468	1740	31	20	21	20	-1	-18	19	1	24	6
B	20	56F4	1764	31	20	21	20	0	-18	19	1	24	6
B	20	5747	1788	31	21	22	20	-1	-19	19	1	24	6
B	20	5929	1813	31	22	20	20	-1	-17	19	1	24	6
B	20	5C0F	1839	31	22	22	20	-1	-19	19	1	24	6
B	20	5E74	1865	31	22	22	20	-1	-19	19	1	24	6
B	20	5EA6	1891	31	22	22	20	-1	-19	19	1	24	6
B	20	5F53	1917	31	18	22	20	1	-19	19	1	24	6
B	20	5F55	1939	31	20	21	20	0	-18	19	1	24	6
B	20	603B	1963	31	22	22	20	-1	-19	19	1	24	6
B	20	60C5	1989	31	22	22	20	-1	-19	19	1	24	6
B	20	6309	2015	31	22	22	20	-1	-19	19	1	24	6
B	20	6570	4	60	22	22	20	-1	-19	19	1	24	6
B	20	65E0	30	60	22	20	20	-1	-17	19	1	24	6
B	20	65E5	56	60	16	20	20	2	-17	19	1	24	6
B	20	65F6	76	60	21	22	20	0	-19	19	1	24	6
B	20	6682	101	60	21	22	20	0	-19	19	1	24	6
B	20	6708	126	60	19	21	20	-1	-18	19	1	24	6
B	20	672C	149	60	22	22	20	-1	-19	19	1	24	6
B	20	6EE1	175	60	22	22	20	-1	-19	19	1	24	6
B	20	7684	201	60	20	22	20	0	-19	19	1	24	6
B	20	79D2	225	60	22	22	20	-1	-19	19	1	24	6
B	20	7B2C	251	60	21	22	20	-1	-19	19	1	24	6
B	20	7C4D	276	60	21	22	20	-1	-19	19	1	24	6
B	20	8303	301	60	21	22	20	0	-19	19	1	24	6
B	20	8BB0	326	60	22	21	20	-1	-18	19	1	24	6
B	20	8BE6	352	60	22	22	20	-1	-19	19	1	24	6
B	20	8BFB	378	60	22	22	20	-1	-19	19	1	24	6
B	20	8FD1	404	60	22	22	20	-1	-19	19	1	24	6
B	20	8FDB	430	60	22	22	20	-1	-19	19	1	24	6
B	20	949F	456	60	21	22	20	-1	-19	19	1	24	6
B	20	957F	481	60	21	22	20	0	-19	19	1	24	6
B	20	9605	506	60	20	22	20	0	-19	19	1	24	6
B	20	9875	530	60	20	21	20	0	-18	19	1	24	6
B	20	FF0C	554	60	7	10	20	1	-6	19	1	24	6
R	22	20	565	60	1	1	5	0	0	21	0	26	7
R	22	21	570	60	3	17	7	2	-17	21	1	26	7
R	22	22	577	60	8	7	10	1	-17	21	1	26	7
R	22	23	589	60	12	16	12	0	-16	21	1	26	7
R	22	24	605	60	10	22	12	1	-19	21	1	26	7
R	22	25	619	60	20	16	20	0	-16	21	1	26	7
R	22	26	643	60	15	16	15	0	-16	21	1	26	7
R	22	27	662	60	4	7	6	1	-17	21	1	26	7
R	22	28	670	60	5	23	7	2	-18	21	1	26	7
R	22	29	679	60	6	23	7	0	-18	21	1	26	7
R	22	2A	689	60	8	8	10	1	-18	21	1	26	7
R	22	2B	701	60	12	12	12	0	-14	21	1	26	7
R	22	2C	717	60	4	8	6	1	-3	21	1	26	7
R	22	2D	725	60	6	2	8	1	-7	21	1	26	7
R	22	2E	735	60	4	4	6	1	-4	21	1	26	7
R	22	2F	743	60	9	22	9	0	-18	21	1	26	7
R	22	30	756	60	11	16	12	1	-16	21	1	26	7
R	22	31	771	60	10	16	12	1	-16	21	1	26	7
R	22	32	785	60	12	16	12	0	-16	21	1	26	7
R	22	33	801	60	11	16	12	0	-16	21	1	26	7
R	22	34	816	60	12	16	12	0	-16	21	1	26	7
R	22	35	832	60	12	16	12	0	-16	21	1	26	7
R	22	36	848	60	11	16	12	1	-16	21	1	26	7
R	22	37	863	60	11	16	12	1	-16	21	1	26	7
R	22	38	878	60	11	16	12	1	-16	21	1	26	7
R	22	39	893	60	11	16	12	0	-16	21	1	26	7
R	22	3A	908	60	4	12	6	1	-12	21	1	26	7
R	22	3B	916	60	4	17	6	1	-12	21	1	26	7
R	22	3C	924	60	12	10	12	0	-13	21	1	26	7
R	22	3D	940	60	12	8	12	0	-12	21	1	26	7
R	22	3E	956	60	12	10	12	0	-13	21	1	26	7
R	22	3F	972	60	9	17	10	1	-17	21	1	26	7
R	22	40	985	60	19	20	21	1	-16	21	1	26	7
R	22	41	1008	60	14	16	13	0	-16	21	1	26	7
R	22	42	1026	60	12	16	14	2	-16	21	1	26	7
R	22	43	1042	60	13	16	14	1	-16	21	1	26	7
R	22	44	1059	60	12	16	15	2	-16	21	1	26	7
R	22	45	1075	60	10	16	13	2	-16	21	1	26	7
R	22	46	1089	60	10	16	12	2	-16	21	1	26	7
R	22	47	1103	60	13	16	15	1	-16	21	1	26	7
R	22	48	1120	60	12	16	16	2	-16	21	1	26	7
R	22	49	1136	60	3	16	6	2	-16	21	1	26	7
R	22	4A	1143	60	10	16	12	0	-16	21	1	26	7
R	22	4B	1157	60	13	16	14	2	-16	21	1	26	7
R	22	4C	1174	60	10	16	12	2	-16	21	1	26	7
R	22	4D	1188	60	14	16	18	2	-16	21	1	26	7
R	22	4E	1206	60	12	16	16	2	-16	21	1	26	7
R	22	4F	1222	60	15	16	16	1	-16	21	1	26	7
R	22	50	1241	60	11	16	14	2	-16	21	1	26	7
R	22	51	1256	60	15	20	16	1	-16	21	1	26	7
R	22	52	1275	60	12	16	14	2	-16	21	1	26	7
R	22	53	1291	60	12	16	13	1	-16	21	1	26	7
R	22	54	1307	60	13	16	13	0	-16	21	1	26	7
R	22	55	1324	60	12	16	16	2	-16	21	1	26	7
R	22	56	1340	60	13	16	13	0	-16	21	1	26	7
R	22	57	1357	60	19	16	19	0	-16	21	1	26	7
R	22	58	1380	60	13	16	13	0	-16	21	1	26	7
R	22	59	1397	60	12	16	12	0	-16	21	1	26	7
R	22	5A	1413	60	12	16	13	1	-16	21	1	26	7
R	22	5B	1429	60	5	22	7	2	-18	21	1	26	7
R	22	5C	1438	60	9	22	9	0	-18	21	1	26	7
R	22	5D	1451	60	6	22	7	0	-18	21	1	26	7
R	22	5E	1461	60	10	10	12	1	-17	21	1	26	7
R	22	5F	1475	60	12	2	12	0	1	21	1	26	7
R	22	60	1491	60	5	6	13	3	-20	21	1	26	7
R	22	61	1500	60	10	12	12	1	-12	21	1	26	7
R	22	62	1514	60	11	18	14	2	-18	21	1	26	7
R	22	63	1529	60	10	12	11	1	-12	21	1	26	7
R	22	64	1543	60	11	18	14	1	-18	21	1	26	7
R	22	65	1558	60	11	12	12	1	-12	21	1	26	7
R	22	66	1573	60	8	18	7	0	-18	21	1	26	7
R	22	67	1585	60	12	17	12	1	-12	21	1	26	7
R	22	68	1601	60	10	18	13	2	-18	21	1	26	7
R	22	69	1615	60	4	17	6	1	-17	21	1	26	7
R	22	6A	1623	60	6	22	6	-1	-17	21	1	26	7
R	22	6B	1633	60	10	18	12	2	-18	21	1	26	7
R	22	6C	1647	60	4	18	6	2	-18	21	1	26	7
R	22	6D	1655	60	17	12	20	2	-12	21	1	26	7
R	22	6E	1676	60	10	12	13	2	-12	21	1	26	7
R	22	6F	1690	60	12	12	13	1	-12	21	1	26	7
R	22	70	1706	60	11	17	14	2	-12	21	1	26	7
R	22	71	1721	60	11	17	14	1	-12	21	1	26	7
R	22	72	1736	60	7	12	9	2	-12	21	1	26	7
R	22	73	1747	60	10	12	10	0	-12	21	1	26	7
R	22	74	1761	60	8	16	8	0	-16	21	1	26	7
R	22	75	1773	60	11	12	13	1	-12	21	1	26	7
R	22	76	1788	60	12	12	11	0	-12	21	1	26	7
R	22	77	1804	60	18	12	18	0	-12	21	1	26	7
R	22	78	1826	60	11	12	11	0	-12	21	1	26	7
R	22	79	1841	60	12	17	11	0	-12	21	1	26	7
R	22	7A	1857	60	10	12	10	0	-12	21	1	26	7
R	22	7B	1871	60	7	22	7	0	-18	21	1	26	7
R	22	7C	1882	60	2	25	6	2	-19	21	1	26	7
R	22	7D	1888	60	7	22	7	0	-18	21	1	26	7
R	22	7E	1899	60	12	4	12	0	-10	21	1	26	7
R	22	4E66	1915	60	20	22	22	1	-19	21	1	26	7
R	22	4ECA	1939	60	22	22	22	0	-19	21	1	26	7
R	22	5171	1965	60	21	22	22	1	-19	21	1	26	7
R	22	5206	1990	60	21	22	22	1	-19	21	1	26	7
R	22	524D	2015	60	20	22	22	1	-19	21	1	26	7
R	22	5468	4	89	20	21	22	0	-18	21	1	26	7
R	22	56F4	28	89	20	21	22	1	-18	21	1	26	7
R	22	5747	52	89	21	22	22	0	-19	21	1	26	7
R	22	5929	77	89	22	20	22	0	-17	21	1	26	7
R	22	5C0F	103	89	22	22	22	0	-19	21	1	26	7
R	22	5E74	129	89	20	22	22	1	-19	21	1	26	7
R	22	5EA6	153	89	22	22	22	0	-19	21	1	26	7
R	22	5F53	179	89	18	22	22	2	-19	21	1	26	7
R	22	5F55	201	89	20	21	22	1	-18	21	1	26	7
R	22	603B	225	89	22	22	22	0	-19	21	1	26	7
R	22	60C5	251	89	22	22	22	0	-19	21	1	26	7
R	22	6309	277	89	22	22	22	0	-19	21	1	26	7
R	22	6570	303	89	22	22	22	0	-19	21	1	26	7
R	22	65E0	329	89	22	20	22	0	-17	21	1	26	7
R	22	65E5	355	89	16	20	22	3	-17	21	1	26	7
R	22	65F6	375	89	21	21	22	1	-19	21	1	26	7
R	22	6682	400	89	20	22	22	1	-19	21	1	26	7
R	22	6708	424	89	19	21	22	0	-18	21	1	26	7
R	22	672C	447	89	22	22	22	0	-19	21	1	26	7
R	22	6EE1	473	89	21	22	22	0	-19	21	1	26	7
R	22	7684	498	89	20	22	22	1	-19	21	1	26	7
R	22	79D2	522	89	21	22	22	0	-19	21	1	26	7
R	22	7B2C	547	89	20	22	22	1	-19	21	1	26	7
R	22	7C4D	571	89	21	22	22	0	-19	21	1	26	7
R	22	8303	596	89	21	22	22	1	-19	21	1	26	7
R	22	8BB0	621	89	21	20	22	1	-18	21	1	26	7
R	22	8BE6	646	89	21	22	22	0	-19	21	1	26	7
R	22	8BFB	671	89	22	22	22	0	-19	21	1	26	7
R	22	8FD1	697	89	22	22	22	0	-19	21	1	26	7
R	22	8FDB	723	89	22	22	22	0	-19	21	1	26	7
R	22	949F	749	89	21	22	22	0	-19	21	1	26	7
R	22	957F	774	89	21	22	22	1	-19	21	1	26	7
R	22	9605	799	89	18	22	22	2	-19	21	1	26	7
R	22	9875	821	89	20	21	22	1	-18	21	1	26	7
R	22	FF0C	845	89	5	9	22	3	-5	21	1	26	7
B	22	20	854	89	1	1	5	0	0	21	0	26	7
B	22	21	859	89	5	19	7	1	-18	21	1	26	7
B	22	22	868	89	10	9	10	0	-18	21	1	26	7
B	22	23	882	89	14	18	12	-1	-17	21	1	26	7
B	22	24	900	89	12	24	12	0	-20	21	1	26	7
B	22	25	916	89	22	18	20	-1	-17	21	1	26	7
B	22	26	942	89	17	18	15	-1	-17	21	1	26	7
B	22	27	963	89	6	9	6	0	-18	21	1	26	7
B	22	28	973	89	7	25	7	1	-19	21	1	26	7
B	22	29	984	89	8	25	7	-1	-19	21	1	26	7
B	22	2A	996	89	10	10	10	0	-19	21	1	26	7
B	22	2B	1010	89	14	14	12	-1	-15	21	1	26	7
B	22	2C	1028	89	6	10	6	0	-4	21	1	26	7
B	22	2D	1038	89	8	4	8	0	-8	21	1	26	7
B	22	2E	1050	89	6	6	6	0	-5	21	1	26	7
B	22	2F	1060	89	11	24	9	-1	-19	21	1	26	7
B	22	30	1075	89	13	18	12	0	-17	21	1	26	7
B	22	31	1092	89	12	18	12	0	-17	21	1	26	7
B	22	32	1108	89	14	18	12	-1	-17	21	1	26	7
B	22	33	1126	89	13	18	12	-1	-17	21	1	26	7
B	22	34	1143	89	14	18	12	-1	-17	21	1	26	7
B	22	35	1161	89	14	18	12	-1	-17	21	1	26	7
B	22	36	1179	89	13	18	12	0	-17	21	1	26	7
B	22	37	1196	89	13	18	12	0	-17	21	1	26	7
B	22	38	1213	89	13	18	12	0	-17	21	1	26	7
B	22	39	1230	89	13	18	12	-1	-17	21	1	26	7
B	22	3A	1247	89	6	14	6	0	-13	21	1	26	7
B	22	3B	1257	89	6	19	6	0	-13	21	1	26	7
B	22	3C	1267	89	14	12	12	-1	-14	21	1	26	7
B	22	3D	1285	89	14	10	12	-1	-13	21	1	26	7
B	22	3E	1303	89	14	12	12	-1	-14	21	1	26	7
B	22	3F	1321	89	12	19	10	-1	-18	21	1	26	7
B	22	40	1337	89	21	22	21	0	-17	21	1	26	7
B	22	41	1362	89	16	18	13	-1	-17	21	1	26	7
B	22	42	1382	89	14	18	14	1	-17	21	1	26	7
B	22	43	1400	89	15	18	14	0	-17	21	1	26	7
B	22	44	1419	89	14	18	15	1	-17	21	1	26	7
B	22	45	1437	89	12	18	13	1	-17	21	1	26	7
B	22	46	1453	89	12	18	12	1	-17	21	1	26	7
B	22	47	1469	89	15	18	15	0	-17	21	1	26	7
B	22	48	1488	89	14	18	16	1	-17	21	1	26	7
B	22	49	1506	89	5	18	6	1	-17	21	1	26	7
B	22	4A	1515	89	12	18	12	-1	-17	21	1	26	7
B	22	4B	1531	89	15	18	14	1	-17	21	1	26	7
B	22	4C	1550	89	12	18	12	1	-17	21	1	26	7
B	22	4D	1566	89	16	18	18	1	-17	21	1	26	7
B	22	4E	1586	89	14	18	16	1	-17	21	1	26	7
B	22	4F	1604	89	17	18	16	0	-17	21	1	26	7
B	22	50	1625	89	13	18	14	1	-17	21	1	26	7
B	22	51	1642	89	17	22	16	0	-17	21	1	26	7
B	22	52	1663	89	14	18	14	1	-17	21	1	26	7
B	22	53	1681	89	14	18	13	0	-17	21	1	26	7
B	22	54	1699	89	15	18	13	-1	-17	21	1	26	7
B	22	55	1718	89	14	18	16	1	-17	21	1	26	7
B	22	56	1736	89	15	18	13	-1	-17	21	1	26	7
B	22	57	1755	89	21	18	19	-1	-17	21	1	26	7
B	22	58	1780	89	15	18	13	-1	-17	21	1	26	7
B	22	59	1799	89	14	18	12	-1	-17	21	1	26	7
B	22	5A	1817	89	14	18	13	0	-17	21	1	26	7
B	22	5B	1835	89	7	24	7	1	-19	21	1	26	7
B	22	5C	1846	89	11	24	9	-1	-19	21	1	26	7
B	22	5D	1861	89	8	24	7	-1	-19	21	1	26	7
B	22	5E	1873	89	12	12	12	0	-18	21	1	26	7
B	22	5F	1889	89	14	4	12	-1	0	21	1	26	7
B	22	60	1907	89	8	8	13	2	-21	21	1	26	7
B	22	61	1919	89	12	14	12	0	-13	21	1	26	7
B	22	62	1935	89	13	20	14	1	-19	21	1	26	7
B	22	63	1952	89	12	14	11	0	-13	21	1	26	7
B	22	64	1968	89	13	20	14	0	-19	21	1	26	7
B	22	65	1985	89	13	14	12	0	-13	21	1	26	7
B	22	66	2002	89	10	20	7	-1	-19	21	1	26	7
B	22	67	2016	89	14	19	12	0	-13	21	1	26	7
B	22	68	4	118	12	20	13	1	-19	21	1	26	7
B	22	69	20	118	6	19	6	0	-18	21	1	26	7
B	22	6A	30	118	8	24	6	-2	-18	21	1	26	7
B	22	6B	42	118	12	20	12	1	-19	21	1	26	7
B	22	6C	58	118	6	20	6	1	-19	21	1	26	7
B	22	6D	68	118	19	14	20	1	-13	21	1	26	7
B	22	6E	91	118	12	14	13	1	-13	21	1	26	7
B	22	6F	107	118	14	14	13	0	-13	21	1	26	7
B	22	70	125	118	13	19	14	1	-13	21	1	26	7
B	22	71	142	118	13	19	14	0	-13	21	1	26	7
B	22	72	159	118	9	14	9	1	-13	21	1	26	7
B	22	73	172	118	12	14	10	-1	-13	21	1	26	7
B	22	74	188	118	10	18	8	-1	-17	21	1	26	7
B	22	75	202	118	13	14	13	0	-13	21	1	26	7
B	22	76	219	118	14	14	11	-1	-13	21	1	26	7
B	22	77	237	118	20	14	18	-1	-13	21	1	26	7
B	22	78	261	118	13	14	11	-1	-13	21	1	26	7
B	22	79	278	118	14	19	11	-1	-13	21	1	26	7
B	22	7A	296	118	12	14	10	-1	-13	21	1	26	7
B	22	7B	312	118	9	24	7	-1	-19	21	1	26	7
B	22	7C	325	118	4	27	6	1	-20	21	1	26	7
B	22	7D	333	118	9	24	7	-1	-19	21	1	26	7
B	22	7E	346	118	14	6	12	-1	-11	21	1	26	7
B	22	4E66	364	118	22	24	22	0	-20	21	1	26	7
B	22	4ECA	390	118	24	24	22	-1	-20	21	1	26	7
B	22	5171	418	118	23	24	22	0	-20	21	1	26	7
B	22	5206	445	118	24	24	22	-1	-20	21	1	26	7
B	22	524D	473	118	22	24	22	0	-20	21	1	26	7
B	22	5468	499	118	22	23	22	-1	-19	21	1	26	7
B	22	56F4	525	118	22	23	22	0	-19	21	1	26	7
B	22	5747	551	118	23	24	22	-1	-20	21	1	26	7
B	22	5929	578	118	24	22	22	-1	-18	21	1	26	7
B	22	5C0F	606	118	24	24	22	-1	-20	21	1	26	7
B	22	5E74	634	118	22	24	22	0	-20	21	1	26	7
B	22	5EA6	660	118	24	24	22	-1	-20	21	1	26	7
B	22	5F53	688	118	20	24	22	1	-20	21	1	26	7
B	22	5F55	712	118	22	23	22	0	-19	21	1	26	7
B	22	603B	738	118	23	24	22	0	-20	21	1	26	7
B	22	60C5	765	118	24	24	22	-1	-20	21	1	26	7
B	22	6309	793	118	24	24	22	-1	-20	21	1	26	7
B	22	6570	821	118	24	24	22	-1	-20	21	1	26	7
B	22	65E0	849	118	24	22	22	-1	-18	21	1	26	7
B	22	65E5	877	118	18	22	22	2	-18	21	1	26	7
B	22	65F6	899	118	23	23	22	0	-20	21	1	26	7
B	22	6682	926	118	22	24	22	0	-20	21	1	26	7
B	22	6708	952	118	21	23	22	-1	-19	21	1	26	7
B	22	672C	977	118	24	24	22	-1	-20	21	1	26	7
B	22	6EE1	1005	118	23	24	22	-1	-20	21	1	26	7
B	22	7684	1032	118	22	24	22	0	-20	21	1	26	7
B	22	79D2	1058	118	23	24	22	-1	-20	21	1	26	7
B	22	7B2C	1085	118	22	24	22	0	-20	21	1	26	7
B	22	7C4D	1111	118	23	24	22	-1	-20	21	1	26	7
B	22	8303	1138	118	23	24	22	0	-20	21	1	26	7
B	22	8BB0	1165	118	23	22	22	0	-19	21	1	26	7
B	22	8BE6	1192	118	23	24	22	-1	-20	21	1	26	7
B	22	8BFB	1219	118	24	24	22	-1	-20	21	1	26	7
B	22	8FD1	1247	118	24	24	22	-1	-20	21	1	26	7
B	22	8FDB	1275	118	24	24	22	-1	-20	21	1	26	7
B	22	949F	1303	118	23	24	22	-1	-20	21	1	26	7
B	22	957F	1330	118	23	24	22	0	-20	21	1	26	7
B	22	9605	1357	118	20	24	22	1	-20	21	1	26	7
B	22	9875	1381	118	22	23	22	0	-19	21	1	26	7
B	22	FF0C	1407	118	7	11	22	2	-6	21	1	26	7
R	24	20	1418	118	1	1	5	0	0	22	0	28	7
R	24	21	1423	118	4	19	8	2	-19	22	1	28	7
R	24	22	1431	118	8	7	11	2	-19	22	1	28	7
R	24	23	1443	118	13	18	13	0	-18	22	1	28	7
R	24	24	1460	118	11	24	13	1	-21	22	1	28	7
R	24	25	1475	118	22	18	22	0	-18	22	1	28	7
R	24	26	1501	118	16	18	16	0	-18	22	1	28	7
R	24	27	1521	118	3	7	7	2	-19	22	1	28	7
R	24	28	1528	118	6	25	8	2	-20	22	1	28	7
R	24	29	1538	118	5	25	8	1	-20	22	1	28	7
R	24	2A	1547	118	9	8	11	1	-19	22	1	28	7
R	24	2B	1560	118	13	13	13	0	-15	22	1	28	7
R	24	2C	1577	118	5	9	7	1	-4	22	1	28	7
R	24	2D	1586	118	7	2	8	1	-8	22	1	28	7
R	24	2E	1597	118	4	4	7	1	-4	22	1	28	7
R	24	2F	1605	118	9	24	9	0	-19	22	1	28	7
R	24	30	1618	118	12	18	13	1	-18	22	1	28	7
R	24	31	1634	118	10	18	13	2	-18	22	1	28	7
R	24	32	1648	118	12	18	13	1	-18	22	1	28	7
R	24	33	1664	118	12	18	13	0	-18	22	1	28	7
R	24	34	1680	118	13	18	13	0	-18	22	1	28	7
R	24	35	1697	118	13	18	13	0	-18	22	1	28	7
R	24	36	1714	118	12	18	13	1	-18	22	1	28	7
R	24	37	1730	118	12	18	13	1	-18	22	1	28	7
R	24	38	1746	118	12	18	13	1	-18	22	1	28	7
R	24	39	1762	118	11	18	13	1	-18	22	1	28	7
R	24	3A	1777	118	4	13	7	1	-13	22	1	28	7
R	24	3B	1785	118	5	18	7	1	-13	22	1	28	7
R	24	3C	1794	118	13	11	13	0	-14	22	1	28	7
R	24	3D	1811	118	13	8	13	0	-13	22	1	28	7
R	24	3E	1828	118	13	11	13	0	-14	22	1	28	7
R	24	3F	1845	118	10	19	11	1	-19	22	1	28	7
R	24	40	1859	118	21	22	23	1	-18	22	1	28	7
R	24	41	1884	118	15	18	15	0	-18	22	1	28	7
R	24	42	1903	118	13	18	16	2	-18	22	1	28	7
R	24	43	1920	118	14	18	15	1	-18	22	1	28	7
R	24	44	1938	118	14	18	17	2	-18	22	1	28	7
R	24	45	1956	118	11	18	14	2	-18	22	1	28	7
R	24	46	1971	118	11	18	13	2	-18	22	1	28	7
R	24	47	1986	118	14	18	17	1	-18	22	1	28	7
R	24	48	2004	118	14	18	17	2	-18	22	1	28	7
R	24	49	2022	118	3	18	7	2	-18	22	1	28	7
R	24	4A	2029	118	11	18	13	0	-18	22	1	28	7
R	24	4B	4	149	14	18	16	2	-18	22	1	28	7
R	24	4C	22	149	11	18	13	2	-18	22	1	28	7
R	24	4D	37	149	16	18	19	2	-18	22	1	28	7
R	24	4E	57	149	13	18	17	2	-18	22	1	28	7
R	24	4F	74	149	16	18	18	1	-18	22	1	28	7
R	24	50	94	149	12	18	15	2	-18	22	1	28	7
R	24	51	110	149	16	22	18	1	-18	22	1	28	7
R	24	52	130	149	13	18	15	2	-18	22	1	28	7
R	24	53	147	149	13	18	14	1	-18	22	1	28	7
R	24	54	164	149	14	18	14	0	-18	22	1	28	7
R	24	55	182	149	13	18	17	2	-18	22	1	28	7
R	24	56	199	149	14	18	14	0	-18	22	1	28	7
R	24	57	217	149	21	18	21	0	-18	22	1	28	7
R	24	58	242	149	14	18	14	0	-18	22	1	28	7
R	24	59	260	149	13	18	13	0	-18	22	1	28	7
R	24	5A	277	149	13	18	14	1	-18	22	1	28	7
R	24	5B	294	149	6	23	8	2	-19	22	1	28	7
R	24	5C	304	149	10	24	9	0	-19	22	1	28	7
R	24	5D	318	149	6	23	8	0	-19	22	1	28	7
R	24	5E	328	149	11	11	13	1	-18	22	1	28	7
R	24	5F	343	149	14	2	13	0	2	22	1	28	7
R	24	60	361	149	6	6	15	3	-21	22	1	28	7
R	24	61	371	149	11	13	14	1	-13	22	1	28	7
R	24	62	386	149	12	19	15	2	-19	22	1	28	7
R	24	63	402	149	11	13	12	1	-13	22	1	28	7
R	24	64	417	149	12	19	15	1	-19	22	1	28	7
R	24	65	433	149	12	13	13	1	-13	22	1	28	7
R	24	66	449	149	9	20	8	0	-20	22	1	28	7
R	24	67	462	149	13	19	14	1	-13	22	1	28	7
R	24	68	479	149	11	19	15	2	-19	22	1	28	7
R	24	69	494	149	4	19	7	1	-19	22	1	28	7
R	24	6A	502	149	7	25	7	-2	-19	22	1	28	7
R	24	6B	513	149	11	20	13	2	-20	22	1	28	7
R	24	6C	528	149	4	20	7	2	-20	22	1	28	7
R	24	6D	536	149	19	13	22	2	-13	22	1	28	7
R	24	6E	559	149	11	13	15	2	-13	22	1	28	7
R	24	6F	574	149	13	13	15	1	-13	22	1	28	7
R	24	70	591	149	12	19	15	2	-13	22	1	28	7
R	24	71	607	149	12	19	15	1	-13	22	1	28	7
R	24	72	623	149	8	13	9	2	-13	22	1	28	7
R	24	73	635	149	11	13	11	0	-13	22	1	28	7
R	24	74	650	149	9	17	9	0	-17	22	1	28	7
R	24	75	663	149	11	13	15	2	-13	22	1	28	7
R	24	76	678	149	13	13	13	0	-13	22	1	28	7
R	24	77	695	149	19	13	19	0	-13	22	1	28	7
R	24	78	718	149	12	13	12	0	-13	22	1	28	7
R	24	79	734	149	13	19	13	0	-13	22	1	28	7
R	24	7A	751	149	11	13	11	0	-13	22	1	28	7
R	24	7B	766	149	8	23	8	0	-19	22	1	28	7
R	24	7C	778	149	2	27	6	2	-20	22	1	28	7
R	24	7D	784	149	8	23	8	0	-19	22	1	28	7
R	24	7E	796	149	12	4	13	1	-11	22	1	28	7
R	24	4E66	812	149	22	24	24	1	-21	22	1	28	7
R	24	4ECA	838	149	24	24	24	0	-21	22	1	28	7
R	24	5171	866	149	22	24	24	1	-21	22	1	28	7
R	24	5206	892	149	22	23	24	1	-20	22	1	28	7
R	24	524D	918	149	22	24	24	1	-21	22	1	28	7
R	24	5468	944	149	22	22	24	0	-19	22	1	28	7
R	24	56F4	970	149	22	23	24	1	-20	22	1	28	7
R	24	5747	996	149	23	24	24	0	-21	22	1	28	7
R	24	5929	1023	149	23	22	24	1	-19	22	1	28	7
R	24	5C0F	1050	149	24	24	24	0	-21	22	1	28	7
R	24	5E74	1078	149	22	24	24	1	-21	22	1	28	7
R	24	5EA6	1104	149	24	24	24	0	-21	22	1	28	7
R	24	5F53	1132	149	20	24	24	2	-21	22	1	28	7
R	24	5F55	1156	149	22	23	24	1	-20	22	1	28	7
R	24	603B	1182	149	22	23	24	1	-21	22	1	28	7
R	24	60C5	1208	149	23	24	24	0	-21	22	1	28	7
R	24	6309	1235	149	24	24	24	0	-21	22	1	28	7
R	24	6570	1263	149	24	24	24	0	-21	22	1	28	7
R	24	65E0	1291	149	23	22	24	0	-19	22	1	28	7
R	24	65E5	1318	149	16	22	24	4	-19	22	1	28	7
R	24	65F6	1338	149	23	23	24	1	-21	22	1	28	7
R	24	6682	1365	149	22	24	24	1	-21	22	1	28	7
R	24	6708	1391	149	20	22	24	0	-19	22	1	28	7
R	24	672C	1415	149	24	24	24	0	-21	22	1	28	7
R	24	6EE1	1443	149	22	24	24	1	-21	22	1	28	7
R	24	7684	1469	149	21	24	24	2	-21	22	1	28	7
R	24	79D2	1494	149	23	24	24	0	-21	22	1	28	7
R	24	7B2C	1521	149	22	24	24	1	-21	22	1	28	7
R	24	7C4D	1547	149	23	24	24	0	-21	22	1	28	7
R	24	8303	1574	149	22	24	24	1	-21	22	1	28	7
R	24	8BB0	1600	149	23	22	24	1	-20	22	1	28	7
R	24	8BE6	1627	149	23	24	24	0	-21	22	1	28	7
R	24	8BFB	1654	149	23	24	24	0	-21	22	1	28	7
R	24	8FD1	1681	149	24	23	24	0	-21	22	1	28	7
R	24	8FDB	1709	149	24	22	24	0	-20	22	1	28	7
R	24	949F	1737	149	23	24	24	0	-21	22	1	28	7
R	24	957F	1764	149	23	24	24	1	-21	22	1	28	7
R	24	9605	1791	149	20	24	24	2	-21	22	1	28	7
R	24	9875	1815	149	22	22	24	1	-19	22	1	28	7
R	24	FF0C	1841	149	5	10	24	3	-6	22	1	28	7
B	24	20	1850	149	1	1	5	0	0	22	0	28	7
B	24	21	1855	149	6	21	8	1	-20	22	1	28	7
B	24	22	1865	149	10	9	11	1	-20	22	1	28	7
B	24	23	1879	149	15	20	13	-1	-19	22	1	28	7
B	24	24	1898	149	13	26	13	0	-22	22	1	28	7
B	24	25	1915	149	24	20	22	-1	-19	22	1	28	7
B	24	26	1943	149	18	20	16	-1	-19	22	1	28	7
B	24	27	1965	149	5	9	7	1	-20	22	1	28	7
B	24	28	1974	149	8	27	8	1	-21	22	1	28	7
B	24	29	1986	149	7	27	8	0	-21	22	1	28	7
B	24	2A	1997	149	11	10	11	0	-20	22	1	28	7
B	24	2B	2012	149	15	15	13	-1	-16	22	1	28	7
B	24	2C	2031	149	7	11	7	0	-5	22	1	28	7
B	24	2D	4	180	9	4	8	0	-9	22	1	28	7
B	24	2E	17	180	6	6	7	0	-5	22	1	28	7
B	24	2F	27	180	11	26	9	-1	-20	22	1	28	7
B	24	30	42	180	14	20	13	0	-19	22	1	28	7
B	24	31	60	180	12	20	13	1	-19	22	1	28	7
B	24	32	76	180	15	20	13	-1	-19	22	1	28	7
B	24	33	95	180	14	20	13	-1	-19	22	1	28	7
B	24	34	113	180	15	20	13	-1	-19	22	1	28	7
B	24	35	132	180	15	20	13	-1	-19	22	1	28	7
B	24	36	151	180	14	20	13	0	-19	22	1	28	7
B	24	37	169	180	14	20	13	0	-19	22	1	28	7
B	24	38	187	180	14	20	13	0	-19	22	1	28	7
B	24	39	205	180	13	20	13	0	-19	22	1	28	7
B	24	3A	222	180	6	15	7	0	-14	22	1	28	7
B	24	3B	232	180	7	20	7	0	-14	22	1	28	7
B	24	3C	243	180	15	13	13	-1	-15	22	1	28	7
B	24	3D	262	180	15	10	13	-1	-14	22	1	28	7
B	24	3E	281	180	15	13	13	-1	-15	22	1	28	7
B	24	3F	300	180	12	21	11	0	-20	22	1	28	7
B	24	40	316	180	23	24	23	0	-19	22	1	28	7
B	24	41	343	180	17	20	15	-1	-19	22	1	28	7
B	24	42	364	180	15	20	16	1	-19	22	1	28	7
B	24	43	383	180	16	20	15	0	-19	22	1	28	7
B	24	44	403	180	16	20	17	1	-19	22	1	28	7
B	24	45	423	180	13	20	14	1	-19	22	1	28	7
B	24	46	440	180	13	20	13	1	-19	22	1	28	7
B	24	47	457	180	16	20	17	0	-19	22	1	28	7
B	24	48	477	180	16	20	17	1	-19	22	1	28	7
B	24	49	497	180	5	20	7	1	-19	22	1	28	7
B	24	4A	506	180	13	20	13	-1	-19	22	1	28	7
B	24	4B	523	180	16	20	16	1	-19	22	1	28	7
B	24	4C	543	180	13	20	13	1	-19	22	1	28	7
B	24	4D	560	180	18	20	19	1	-19	22	1	28	7
B	24	4E	582	180	15	20	17	1	-19	22	1	28	7
B	24	4F	601	180	18	20	18	0	-19	22	1	28	7
B	24	50	623	180	14	20	15	1	-19	22	1	28	7
B	24	51	641	180	18	24	18	0	-19	22	1	28	7
B	24	52	663	180	15	20	15	1	-19	22	1	28	7
B	24	53	682	180	15	20	14	0	-19	22	1	28	7
B	24	54	701	180	16	20	14	-1	-19	22	1	28	7
B	24	55	721	180	15	20	17	1	-19	22	1	28	7
B	24	56	740	180	16	20	14	-1	-19	22	1	28	7
B	24	57	760	180	23	20	21	-1	-19	22	1	28	7
B	24	58	787	180	16	20	14	-1	-19	22	1	28	7
B	24	59	807	180	15	20	13	-1	-19	22	1	28	7
B	24	5A	826	180	15	20	14	0	-19	22	1	28	7
B	24	5B	845	180	8	25	8	1	-20	22	1	28	7
B	24	5C	857	180	12	26	9	-1	-20	22	1	28	7
B	24	5D	873	180	8	25	8	-1	-20	22	1	28	7
B	24	5E	885	180	13	13	13	0	-19	22	1	28	7
B	24	5F	902	180	16	4	13	-1	1	22	1	28	7
B	24	60	922	180	8	8	15	2	-22	22	1	28	7
B	24	61	934	180	13	15	14	0	-14	22	1	28	7
B	24	62	951	180	14	21	15	1	-20	22	1	28	7
B	24	63	969	180	13	15	12	0	-14	22	1	28	7
B	24	64	986	180	14	21	15	0	-20	22	1	28	7
B	24	65	1004	180	14	15	13	0	-14	22	1	28	7
B	24	66	1022	180	11	22	8	-1	-21	22	1	28	7
B	24	67	1037	180	15	21	14	0	-14	22	1	28	7
B	24	68	1056	180	13	21	15	1	-20	22	1	28	7
B	24	69	1073	180	6	21	7	0	-20	22	1	28	7
B	24	6A	1083	180	9	27	7	-3	-20	22	1	28	7
B	24	6B	1096	180	13	22	13	1	-21	22	1	28	7
B	24	6C	1113	180	6	22	7	1	-21	22	1	28	7
B	24	6D	1123	180	21	15	22	1	-14	22	1	28	7
B	24	6E	1148	180	13	15	15	1	-14	22	1	28	7
B	24	6F	1165	180	15	15	15	0	-14	22	1	28	7
B	24	70	1184	180	14	21	15	1	-14	22	1	28	7
B	24	71	1202	180	14	21	15	0	-14	22	1	28	7
B	24	72	1220	180	10	15	9	1	-14	22	1	28	7
B	24	73	1234	180	13	15	11	-1	-14	22	1	28	7
B	24	74	1251	180	11	19	9	-1	-18	22	1	28	7
B	24	75	1266	180	13	15	15	1	-14	22	1	28	7
B	24	76	1283	180	15	15	13	-1	-14	22	1	28	7
B	24	77	1302	180	21	15	19	-1	-14	22	1	28	7
B	24	78	1327	180	14	15	12	-1	-14	22	1	28	7
B	24	79	1345	180	15	21	13	-1	-14	22	1	28	7
B	24	7A	1364	180	13	15	11	-1	-14	22	1	28	7
B	24	7B	1381	180	10	25	8	-1	-20	22	1	28	7
B	24	7C	1395	180	4	29	6	1	-21	22	1	28	7
B	24	7D	1403	180	10	25	8	-1	-20	22	1	28	7
B	24	7E	1417	180	14	6	13	0	-12	22	1	28	7
B	24	4E66	1435	180	24	26	24	0	-22	22	1	28	7
B	24	4ECA	1463	180	26	26	24	-1	-22	22	1	28	7
B	24	5171	1493	180	24	26	24	0	-22	22	1	28	7
B	24	5206	1521	180	25	25	24	0	-21	22	1	28	7
B	24	524D	1550	180	24	26	24	0	-22	22	1	28	7
B	24	5468	1578	180	24	24	24	-1	-20	22	1	28	7
B	24	56F4	1606	180	24	25	24	0	-21	22	1	28	7
B	24	5747	1634	180	25	26	24	-1	-22	22	1	28	7
B	24	5929	1663	180	25	24	24	0	-20	22	1	28	7
B	24	5C0F	1692	180	26	26	24	-1	-22	22	1	28	7
B	24	5E74	1722	180	24	26	24	0	-22	22	1	28	7
B	24	5EA6	1750	180	26	26	24	-1	-22	22	1	28	7
B	24	5F53	1780	180	22	26	24	1	-22	22	1	28	7
B	24	5F55	1806	180	24	25	24	0	-21	22	1	28	7
B	24	603B	1834	180	24	25	24	0	-22	22	1	28	7
B	24	60C5	1862	180	25	26	24	-1	-22	22	1	28	7
B	24	6309	1891	180	26	26	24	-1	-22	22	1	28	7
B	24	6570	1921	180	26	26	24	-1	-22	22	1	28	7
B	24	65E0	1951	180	26	24	24	-1	-20	22	1	28	7
B	24	65E5	1981	180	18	24	24	3	-20	22	1	28	7
B	24	65F6	2003	180	25	25	24	0	-22	22	1	28	7
B	24	6682	4	213	24	26	24	0	-22	22	1	28	7
B	24	6708	32	213	22	24	24	-1	-20	22	1	28	7
B	24	672C	58	213	26	26	24	-1	-22	22	1	28	7
B	24	6EE1	88	213	24	26	24	0	-22	22	1	28	7
B	24	7684	116	213	23	26	24	1	-22	22	1	28	7
B	24	79D2	143	213	25	26	24	-1	-22	22	1	28	7
B	24	7B2C	172	213	24	26	24	0	-22	22	1	28	7
B	24	7C4D	200	213	25	26	24	-1	-22	22	1	28	7
B	24	8303	229	213	25	26	24	0	-22	22	1	28	7
B	24	8BB0	258	213	25	24	24	0	-21	22	1	28	7
B	24	8BE6	287	213	25	26	24	-1	-22	22	1	28	7
B	24	8BFB	316	213	25	26	24	-1	-22	22	1	28	7
B	24	8FD1	345	213	26	25	24	-1	-22	22	1	28	7
B	24	8FDB	375	213	26	24	24	-1	-21	22	1	28	7
B	24	949F	405	213	25	26	24	-1	-22	22	1	28	7
B	24	957F	434	213	25	26	24	0	-22	22	1	28	7
B	24	9605	463	213	22	26	24	1	-22	22	1	28	7
B	24	9875	489	213	24	24	24	0	-20	22	1	28	7
B	24	FF0C	517	213	7	12	24	2	-7	22	1	28	7
R	27	20	528	213	1	1	6	0	0	25	0	32	8
R	27	21	533	213	5	21	9	2	-21	25	1	32	8
R	27	22	542	213	9	8	13	2	-21	25	1	32	8
R	27	23	555	213	14	20	15	1	-20	25	1	32	8
R	27	24	573	213	13	26	15	1	-23	25	1	32	8
R	27	25	590	213	23	20	25	1	-20	25	1	32	8
R	27	26	617	213	18	20	18	0	-20	25	1	32	8
R	27	27	639	213	4	8	8	2	-21	25	1	32	8
R	27	28	647	213	6	28	9	2	-22	25	1	32	8
R	27	29	657	213	6	28	9	1	-22	25	1	32	8
R	27	2A	667	213	10	9	13	1	-22	25	1	32	8
R	27	2B	681	213	13	14	15	1	-17	25	1	32	8
R	27	2C	698	213	5	10	8	1	-4	25	1	32	8
R	27	2D	707	213	8	2	9	1	-9	25	1	32	8
R	27	2E	719	213	5	4	8	1	-4	25	1	32	8
R	27	2F	728	213	11	27	11	0	-22	25	1	32	8
R	27	30	743	213	13	20	15	1	-20	25	1	32	8
R	27	31	760	213	12	20	15	2	-20	25	1	32	8
R	27	32	776	213	13	20	15	1	-20	25	1	32	8
R	27	33	793	213	14	20	15	0	-20	25	1	32	8
R	27	34	811	213	15	20	15	0	-20	25	1	32	8
R	27	35	830	213	14	20	15	0	-20	25	1	32	8
R	27	36	848	213	13	20	15	1	-20	25	1	32	8
R	27	37	865	213	13	20	15	1	-20	25	1	32	8
R	27	38	882	213	13	20	15	1	-20	25	1	32	8
R	27	39	899	213	13	20	15	1	-20	25	1	32	8
R	27	3A	916	213	5	15	8	1	-15	25	1	32	8
R	27	3B	925	213	5	20	8	1	-14	25	1	32	8
R	27	3C	934	213	13	13	15	1	-17	25	1	32	8
R	27	3D	951	213	13	8	15	1	-14	25	1	32	8
R	27	3E	968	213	13	13	15	1	-17	25	1	32	8
R	27	3F	985	213	11	21	13	1	-21	25	1	32	8
R	27	40	1000	213	23	25	26	1	-20	25	1	32	8
R	27	41	1027	213	17	20	16	0	-20	25	1	32	8
R	27	42	1048	213	15	20	18	2	-20	25	1	32	8
R	27	43	1067	213	16	20	17	1	-20	25	1	32	8
R	27	44	1087	213	15	20	19	2	-20	25	1	32	8
R	27	45	1106	213	13	20	16	2	-20	25	1	32	8
R	27	46	1123	213	13	20	15	2	-20	25	1	32	8
R	27	47	1140	213	16	20	19	1	-20	25	1	32	8
R	27	48	1160	213	15	20	20	2	-20	25	1	32	8
R	27	49	1179	213	4	20	8	2	-20	25	1	32	8
R	27	4A	1187	213	12	20	14	0	-20	25	1	32	8
R	27	4B	1203	213	16	20	17	2	-20	25	1	32	8
R	27	4C	1223	213	12	20	15	2	-20	25	1	32	8
R	27	4D	1239	213	18	20	22	2	-20	25	1	32	8
R	27	4E	1261	213	15	20	20	2	-20	25	1	32	8
R	27	4F	1280	213	18	20	20	1	-20	25	1	32	8
R	27	50	1302	213	14	20	17	2	-20	25	1	32	8
R	27	51	1320	213	18	25	20	1	-20	25	1	32	8
R	27	52	1342	213	15	20	17	2	-20	25	1	32	8
R	27	53	1361	213	14	20	16	1	-20	25	1	32	8
R	27	54	1379	213	16	20	16	0	-20	25	1	32	8
R	27	55	1399	213	15	20	19	2	-20	25	1	32	8
R	27	56	1418	213	16	20	16	0	-20	25	1	32	8
R	27	57	1438	213	23	20	24	0	-20	25	1	32	8
R	27	58	1465	213	15	20	15	0	-20	25	1	32	8
R	27	59	1484	213	15	20	14	0	-20	25	1	32	8
R	27	5A	1503	213	14	20	16	1	-20	25	1	32	8
R	27	5B	1521	213	7	27	9	2	-22	25	1	32	8
R	27	5C	1532	213	11	27	11	0	-22	25	1	32	8
R	27	5D	1547	213	7	27	9	0	-22	25	1	32	8
R	27	5E	1558	213	13	13	15	1	-21	25	1	32	8
R	27	5F	1575	213	15	2	15	0	2	25	1	32	8
R	27	60	1594	213	7	7	16	3	-24	25	1	32	8
R	27	61	1605	213	13	15	15	1	-15	25	1	32	8
R	27	62	1622	213	14	22	17	2	-22	25	1	32	8
R	27	63	1640	213	12	15	14	1	-15	25	1	32	8
R	27	64	1656	213	14	22	17	1	-22	25	1	32	8
R	27	65	1674	213	13	15	15	1	-15	25	1	32	8
R	27	66	1691	213	10	22	9	0	-22	25	1	32	8
R	27	67	1705	213	14	21	15	1	-15	25	1	32	8
R	27	68	1723	213	13	22	16	2	-22	25	1	32	8
R	27	69	1740	213	4	22	7	2	-22	25	1	32	8
R	27	6A	1748	213	8	28	7	-2	-22	25	1	32	8
R	27	6B	1760	213	13	22	15	2	-22	25	1	32	8
R	27	6C	1777	213	5	22	8	2	-22	25	1	32	8
R	27	6D	1786	213	21	15	25	2	-15	25	1	32	8
R	27	6E	1811	213	13	15	16	2	-15	25	1	32	8
R	27	6F	1828	213	14	15	16	1	-15	25	1	32	8
R	27	70	1846	213	14	21	17	2	-15	25	1	32	8
R	27	71	1864	213	14	21	17	1	-15	25	1	32	8
R	27	72	1882	213	9	15	10	2	-15	25	1	32	8
R	27	73	1895	213	12	15	13	0	-15	25	1	32	8
R	27	74	1911	213	10	20	10	0	-20	25	1	32	8
R	27	75	1925	213	12	15	16	2	-15	25	1	32	8
R	27	76	1941	213	14	15	14	0	-15	25	1	32	8
R	27	77	1959	213	21	15	22	0	-15	25	1	32	8
R	27	78	1984	213	13	15	13	0	-15	25	1	32	8
R	27	79	2001	213	14	21	14	0	-15	25	1	32	8
R	27	7A	2019	213	13	15	13	0	-15	25	1	32	8
R	27	7B	2036	213	8	27	9	1	-22	25	1	32	8
R	27	7C	4	245	3	31	7	2	-23	25	1	32	8
R	27	7D	11	245	9	27	9	0	-22	25	1	32	8
R	27	7E	24	245	13	5	15	1	-12	25	1	32	8
R	27	4E66	41	245	25	27	27	1	-24	25	1	32	8
R	27	4ECA	70	245	25	27	27	1	-24	25	1	32	8
R	27	5171	99	245	25	27	27	1	-24	25	1	32	8
R	27	5206	128	245	25	26	27	1	-23	25	1	32	8
R	27	524D	157	245	25	27	27	1	-24	25	1	32	8
R	27	5468	186	245	24	25	27	0	-22	25	1	32	8
R	27	56F4	214	245	23	25	27	2	-22	25	1	32	8
R	27	5747	241	245	25	27	27	1	-24	25	1	32	8
R	27	5929	270	245	25	25	27	1	-22	25	1	32	8
R	27	5C0F	299	245	27	26	27	0	-23	25	1	32	8
R	27	5E74	330	245	25	27	27	1	-24	25	1	32	8
R	27	5EA6	359	245	25	27	27	1	-24	25	1	32	8
R	27	5F53	388	245	21	27	27	3	-24	25	1	32	8
R	27	5F55	413	245	25	25	27	1	-22	25	1	32	8
R	27	603B	442	245	25	26	27	1	-24	25	1	32	8
R	27	60C5	471	245	26	27	27	0	-24	25	1	32	8
R	27	6309	501	245	26	27	27	0	-24	25	1	32	8
R	27	6570	531	245	26	27	27	1	-24	25	1	32	8
R	27	65E0	561	245	25	24	27	1	-21	25	1	32	8
R	27	65E5	590	245	19	24	27	4	-22	25	1	32	8
R	27	65F6	613	245	24	27	27	2	-24	25	1	32	8
R	27	6682	641	245	25	27	27	1	-24	25	1	32	8
R	27	6708	670	245	23	25	27	0	-22	25	1	32	8
R	27	672C	697	245	25	27	27	1	-24	25	1	32	8
R	27	6EE1	726	245	25	27	27	1	-24	25	1	32	8
R	27	7684	755	245	24	26	27	2	-24	25	1	32	8
R	27	79D2	783	245	26	27	27	0	-24	25	1	32	8
R	27	7B2C	813	245	25	27	27	1	-24	25	1	32	8
R	27	7C4D	842	245	26	27	27	0	-24	25	1	32	8
R	27	8303	872	245	25	27	27	1	-24	25	1	32	8
R	27	8BB0	901	245	25	25	27	1	-23	25	1	32	8
R	27	8BE6	930	245	25	27	27	1	-24	25	1	32	8
R	27	8BFB	959	245	25	27	27	1	-24	25	1	32	8
R	27	8FD1	988	245	25	27	27	1	-24	25	1	32	8
R	27	8FDB	1017	245	25	26	27	1	-23	25	1	32	8
R	27	949F	1046	245	25	27	27	1	-24	25	1	32	8
R	27	957F	1075	245	26	27	27	1	-24	25	1	32	8
R	27	9605	1105	245	23	26	27	2	-23	25	1	32	8
R	27	9875	1132	245	25	25	27	1	-22	25	1	32	8
R	27	FF0C	1161	245	6	10	27	3	-6	25	1	32	8
B	27	20	1171	245	1	1	6	0	0	25	0	32	8
B	27	21	1176	245	7	23	9	1	-22	25	1	32	8
B	27	22	1187	245	11	10	13	1	-22	25	1	32	8
B	27	23	1202	245	16	22	15	0	-21	25	1	32	8
B	27	24	1222	245	15	28	15	0	-24	25	1	32	8
B	27	25	1241	245	25	22	25	0	-21	25	1	32	8
B	27	26	1270	245	20	22	18	-1	-21	25	1	32	8
B	27	27	1294	245	6	10	8	1	-22	25	1	32	8
B	27	28	1304	245	8	30	9	1	-23	25	1	32	8
B	27	29	1316	245	8	30	9	0	-23	25	1	32	8
B	27	2A	1328	245	12	11	13	0	-23	25	1	32	8
B	27	2B	1344	245	15	16	15	0	-18	25	1	32	8
B	27	2C	1363	245	7	11	8	0	-5	25	1	32	8
B	27	2D	1374	245	10	4	9	0	-10	25	1	32	8
B	27	2E	1388	245	7	6	8	0	-5	25	1	32	8
B	27	2F	1399	245	13	29	11	-1	-23	25	1	32	8
B	27	30	1416	245	15	22	15	0	-21	25	1	32	8
B	27	31	1435	245	14	22	15	1	-21	25	1	32	8
B	27	32	1453	245	15	22	15	0	-21	25	1	32	8
B	27	33	1472	245	16	22	15	-1	-21	25	1	32	8
B	27	34	1492	245	17	22	15	-1	-21	25	1	32	8
B	27	35	1513	245	16	22	15	-1	-21	25	1	32	8
B	27	36	1533	245	15	22	15	0	-21	25	1	32	8
B	27	37	1552	245	15	22	15	0	-21	25	1	32	8
B	27	38	1571	245	15	22	15	0	-21	25	1	32	8
B	27	39	1590	245	15	22	15	0	-21	25	1	32	8
B	27	3A	1609	245	7	17	8	0	-16	25	1	32	8
B	27	3B	1620	245	7	21	8	0	-15	25	1	32	8
B	27	3C	1631	245	15	15	15	0	-18	25	1	32	8
B	27	3D	1650	245	15	10	15	0	-15	25	1	32	8
B	27	3E	1669	245	15	15	15	0	-18	25	1	32	8
B	27	3F	1688	245	13	23	13	0	-22	25	1	32	8
B	27	40	1705	245	25	27	26	0	-21	25	1	32	8
B	27	41	1734	245	19	22	16	-1	-21	25	1	32	8
B	27	42	1757	245	17	22	18	1	-21	25	1	32	8
B	27	43	1778	245	18	22	17	0	-21	25	1	32	8
B	27	44	1800	245	17	22	19	1	-21	25	1	32	8
B	27	45	1821	245	15	22	16	1	-21	25	1	32	8
B	27	46	1840	245	15	22	15	1	-21	25	1	32	8
B	27	47	1859	245	18	22	19	0	-21	25	1	32	8
B	27	48	1881	245	17	22	20	1	-21	25	1	32	8
B	27	49	1902	245	6	22	8	1	-21	25	1	32	8
B	27	4A	1912	245	14	22	14	-1	-21	25	1	32	8
B	27	4B	1930	245	18	22	17	1	-21	25	1	32	8
B	27	4C	1952	245	14	22	15	1	-21	25	1	32	8
B	27	4D	1970	245	20	22	22	1	-21	25	1	32	8
B	27	4E	1994	245	17	22	20	1	-21	25	1	32	8
B	27	4F	2015	245	20	22	20	0	-21	25	1	32	8
B	27	50	4	280	16	22	17	1	-21	25	1	32	8
B	27	51	24	280	20	27	20	0	-21	25	1	32	8
B	27	52	48	280	17	22	17	1	-21	25	1	32	8
B	27	53	69	280	16	22	16	0	-21	25	1	32	8
B	27	54	89	280	18	22	16	-1	-21	25	1	32	8
B	27	55	111	280	17	22	19	1	-21	25	1	32	8
B	27	56	132	280	18	22	16	-1	-21	25	1	32	8
B	27	57	154	280	25	22	24	-1	-21	25	1	32	8
B	27	58	183	280	17	22	15	-1	-21	25	1	32	8
B	27	59	204	280	17	22	14	-1	-21	25	1	32	8
B	27	5A	225	280	16	22	16	0	-21	25	1	32	8
B	27	5B	245	280	9	29	9	1	-23	25	1	32	8
B	27	5C	258	280	13	29	11	-1	-23	25	1	32	8
B	27	5D	275	280	9	29	9	-1	-23	25	1	32	8
B	27	5E	288	280	15	15	15	0	-22	25	1	32	8
B	27	5F	307	280	17	4	15	-1	1	25	1	32	8
B	27	60	328	280	9	9	16	2	-25	25	1	32	8
B	27	61	341	280	15	17	15	0	-16	25	1	32	8
B	27	62	360	280	16	24	17	1	-23	25	1	32	8
B	27	63	380	280	14	17	14	0	-16	25	1	32	8
B	27	64	398	280	16	24	17	0	-23	25	1	32	8
B	27	65	418	280	15	17	15	0	-16	25	1	32	8
B	27	66	437	280	12	24	9	-1	-23	25	1	32	8
B	27	67	453	280	16	23	15	0	-16	25	1	32	8
B	27	68	473	280	15	24	16	1	-23	25	1	32	8
B	27	69	492	280	6	24	7	1	-23	25	1	32	8
B	27	6A	502	280	10	30	7	-3	-23	25	1	32	8
B	27	6B	516	280	15	24	15	1	-23	25	1	32	8
B	27	6C	535	280	7	24	8	1	-23	25	1	32	8
B	27	6D	546	280	23	17	25	1	-16	25	1	32	8
B	27	6E	573	280	15	17	16	1	-16	25	1	32	8
B	27	6F	592	280	16	17	16	0	-16	25	1	32	8
B	27	70	612	280	16	23	17	1	-16	25	1	32	8
B	27	71	632	280	16	23	17	0	-16	25	1	32	8
B	27	72	652	280	11	17	10	1	-16	25	1	32	8
B	27	73	667	280	14	17	13	-1	-16	25	1	32	8
B	27	74	685	280	12	22	10	-1	-21	25	1	32	8
B	27	75	701	280	14	17	16	1	-16	25	1	32	8
B	27	76	719	280	16	17	14	-1	-16	25	1	32	8
B	27	77	739	280	23	17	22	-1	-16	25	1	32	8
B	27	78	766	280	15	17	13	-1	-16	25	1	32	8
B	27	79	785	280	16	23	14	-1	-16	25	1	32	8
B	27	7A	805	280	15	17	13	-1	-16	25	1	32	8
B	27	7B	824	280	10	29	9	0	-23	25	1	32	8
B	27	7C	838	280	5	33	7	1	-24	25	1	32	8
B	27	7D	847	280	11	29	9	-1	-23	25	1	32	8
B	27	7E	862	280	15	7	15	0	-13	25	1	32	8
B	27	4E66	881	280	27	29	27	0	-25	25	1	32	8
B	27	4ECA	912	280	28	29	27	-1	-25	25	1	32	8
B	27	5171	944	280	27	29	27	0	-25	25	1	32	8
B	27	5206	975	280	27	28	27	0	-24	25	1	32	8
B	27	524D	1006	280	27	28	27	0	-25	25	1	32	8
B	27	5468	1037	280	26	27	27	-1	-23	25	1	32	8
B	27	56F4	1067	280	25	27	27	1	-23	25	1	32	8
B	27	5747	1096	280	27	29	27	0	-25	25	1	32	8
B	27	5929	1127	280	27	27	27	0	-23	25	1	32	8
B	27	5C0F	1158	280	29	28	27	-1	-24	25	1	32	8
B	27	5E74	1191	280	27	29	27	0	-25	25	1	32	8
B	27	5EA6	1222	280	27	29	27	0	-25	25	1	32	8
B	27	5F53	1253	280	23	29	27	2	-25	25	1	32	8
B	27	5F55	1280	280	27	27	27	0	-23	25	1	32	8
B	27	603B	1311	280	27	28	27	0	-25	25	1	32	8
B	27	60C5	1342	280	28	29	27	-1	-25	25	1	32	8
B	27	6309	1374	280	28	29	27	-1	-25	25	1	32	8
B	27	6570	1406	280	28	29	27	0	-25	25	1	32	8
B	27	65E0	1438	280	27	26	27	0	-22	25	1	32	8
B	27	65E5	1469	280	21	26	27	3	-23	25	1	32	8
B	27	65F6	1494	280	26	29	27	1	-25	25	1	32	8
B	27	6682	1524	280	27	29	27	0	-25	25	1	32	8
B	27	6708	1555	280	25	27	27	-1	-23	25	1	32	8
B	27	672C	1584	280	28	29	27	0	-25	25	1	32	8
B	27	6EE1	1616	280	27	29	27	0	-25	25	1	32	8
B	27	7684	1647	280	26	28	27	1	-25	25	1	32	8
B	27	79D2	1677	280	28	29	27	-1	-25	25	1	32	8
B	27	7B2C	1709	280	27	29	27	0	-25	25	1	32	8
B	27	7C4D	1740	280	28	29	27	-1	-25	25	1	32	8
B	27	8303	1772	280	27	29	27	0	-25	25	1	32	8
B	27	8BB0	1803	280	27	27	27	0	-24	25	1	32	8
B	27	8BE6	1834	280	27	29	27	0	-25	25	1	32	8
B	27	8BFB	1865	280	27	29	27	0	-25	25	1	32	8
B	27	8FD1	1896	280	28	29	27	0	-25	25	1	32	8
B	27	8FDB	1928	280	27	28	27	0	-24	25	1	32	8
B	27	949F	1959	280	27	29	27	0	-25	25	1	32	8
B	27	957F	1990	280	28	29	27	0	-25	25	1	32	8
B	27	9605	4	317	25	28	27	1	-24	25	1	32	8
B	27	9875	33	317	27	27	27	0	-23	25	1	32	8
B	27	FF0C	64	317	8	12	27	2	-7	25	1	32	8
R	28	20	76	317	1	1	6	0	0	26	0	33	9
R	28	21	81	317	5	22	9	2	-22	26	1	33	9
R	28	22	90	317	9	9	13	2	-22	26	1	33	9
R	28	23	103	317	14	21	16	1	-21	26	1	33	9
R	28	24	121	317	13	28	16	1	-24	26	1	33	9
R	28	25	138	317	24	21	26	1	-21	26	1	33	9
R	28	26	166	317	18	21	19	1	-21	26	1	33	9
R	28	27	188	317	4	9	8	2	-22	26	1	33	9
R	28	28	196	317	7	29	9	2	-23	26	1	33	9
R	28	29	207	317	6	29	9	1	-23	26	1	33	9
R	28	2A	217	317	11	10	13	1	-23	26	1	33	9
R	28	2B	232	317	14	16	16	1	-18	26	1	33	9
R	28	2C	250	317	6	10	8	1	-4	26	1	33	9
R	28	2D	260	317	8	2	10	1	-9	26	1	33	9
R	28	2E	272	317	4	4	8	2	-4	26	1	33	9
R	28	2F	280	317	11	28	11	0	-23	26	1	33	9
R	28	30	295	317	14	21	16	1	-21	26	1	33	9
R	28	31	313	317	12	21	16	2	-21	26	1	33	9
R	28	32	329	317	14	21	16	1	-21	26	1	33	9
R	28	33	347	317	14	21	16	0	-21	26	1	33	9
R	28	34	365	317	15	21	16	0	-21	26	1	33	9
R	28	35	384	317	15	21	16	0	-21	26	1	33	9
R	28	36	403	317	14	21	16	1	-21	26	1	33	9
R	28	37	421	317	14	21	16	1	-21	26	1	33	9
R	28	38	439	317	14	21	16	1	-21	26	1	33	9
R	28	39	457	317	14	21	16	1	-21	26	1	33	9
R	28	3A	475	317	4	15	8	2	-15	26	1	33	9
R	28	3B	483	317	6	21	8	1	-15	26	1	33	9
R	28	3C	493	317	14	13	16	1	-17	26	1	33	9
R	28	3D	511	317	14	9	16	1	-15	26	1	33	9
R	28	3E	529	317	14	13	16	1	-17	26	1	33	9
R	28	3F	547	317	11	22	13	1	-22	26	1	33	9
R	28	40	562	317	24	25	26	1	-20	26	1	33	9
R	28	41	590	317	17	21	17	0	-21	26	1	33	9
R	28	42	611	317	16	21	18	2	-21	26	1	33	9
R	28	43	631	317	16	21	18	1	-21	26	1	33	9
R	28	44	651	317	16	21	19	2	-21	26	1	33	9
R	28	45	671	317	13	21	16	2	-21	26	1	33	9
R	28	46	688	317	13	21	15	2	-21	26	1	33	9
R	28	47	705	317	17	21	19	1	-21	26	1	33	9
R	28	48	726	317	16	21	20	2	-21	26	1	33	9
R	28	49	746	317	4	21	8	2	-21	26	1	33	9
R	28	4A	754	317	12	21	15	1	-21	26	1	33	9
R	28	4B	770	317	16	21	18	2	-21	26	1	33	9
R	28	4C	790	317	13	21	15	2	-21	26	1	33	9
R	28	4D	807	317	18	21	23	2	-21	26	1	33	9
R	28	4E	829	317	16	21	20	2	-21	26	1	33	9
R	28	4F	849	317	19	21	21	1	-21	26	1	33	9
R	28	50	872	317	15	21	18	2	-21	26	1	33	9
R	28	51	891	317	19	26	21	1	-21	26	1	33	9
R	28	52	914	317	15	21	18	2	-21	26	1	33	9
R	28	53	933	317	15	21	17	1	-21	26	1	33	9
R	28	54	952	317	16	21	17	0	-21	26	1	33	9
R	28	55	972	317	16	21	20	2	-21	26	1	33	9
R	28	56	992	317	17	21	16	0	-21	26	1	33	9
R	28	57	1013	317	24	21	25	0	-21	26	1	33	9
R	28	58	1041	317	16	21	16	0	-21	26	1	33	9
R	28	59	1061	317	15	21	15	0	-21	26	1	33	9
R	28	5A	1080	317	15	21	17	1	-21	26	1	33	9
R	28	5B	1099	317	7	27	9	2	-22	26	1	33	9
R	28	5C	1110	317	11	28	11	0	-23	26	1	33	9
R	28	5D	1125	317	7	27	9	0	-22	26	1	33	9
R	28	5E	1136	317	13	13	16	1	-21	26	1	33	9
R	28	5F	1153	317	16	2	16	0	2	26	1	33	9
R	28	60	1173	317	7	7	17	4	-25	26	1	33	9
R	28	61	1184	317	13	15	16	1	-15	26	1	33	9
R	28	62	1201	317	14	22	17	2	-22	26	1	33	9
R	28	63	1219	317	13	15	14	1	-15	26	1	33	9
R	28	64	1236	317	14	22	17	1	-22	26	1	33	9
R	28	65	1254	317	14	15	16	1	-15	26	1	33	9
R	28	66	1272	317	10	23	9	0	-23	26	1	33	9
R	28	67	1286	317	15	22	16	1	-15	26	1	33	9
R	28	68	1305	317	13	22	17	2	-22	26	1	33	9
R	28	69	1322	317	4	22	8	2	-22	26	1	33	9
R	28	6A	1330	317	8	29	8	-2	-22	26	1	33	9
R	28	6B	1342	317	14	23	15	2	-23	26	1	33	9
R	28	6C	1360	317	5	23	8	2	-23	26	1	33	9
R	28	6D	1369	317	22	15	26	2	-15	26	1	33	9
R	28	6E	1395	317	13	15	17	2	-15	26	1	33	9
R	28	6F	1412	317	15	15	17	1	-15	26	1	33	9
R	28	70	1431	317	14	22	17	2	-15	26	1	33	9
R	28	71	1449	317	14	22	17	1	-15	26	1	33	9
R	28	72	1467	317	9	15	11	2	-15	26	1	33	9
R	28	73	1480	317	13	15	13	0	-15	26	1	33	9
R	28	74	1497	317	11	20	11	0	-20	26	1	33	9
R	28	75	1512	317	13	15	17	2	-15	26	1	33	9
R	28	76	1529	317	15	15	15	0	-15	26	1	33	9
R	28	77	1548	317	22	15	22	0	-15	26	1	33	9
R	28	78	1574	317	14	15	14	0	-15	26	1	33	9
R	28	79	1592	317	15	22	15	0	-15	26	1	33	9
R	28	7A	1611	317	13	15	13	0	-15	26	1	33	9
R	28	7B	1628	317	8	27	9	1	-22	26	1	33	9
R	28	7C	1640	317	3	32	8	2	-24	26	1	33	9
R	28	7D	1647	317	9	27	9	0	-22	26	1	33	9
R	28	7E	1660	317	14	5	16	1	-13	26	1	33	9
R	28	4E66	1678	317	26	28	28	1	-25	26	1	33	9
R	28	4ECA	1708	317	26	28	28	1	-25	26	1	33	9
R	28	5171	1738	317	26	28	28	1	-25	26	1	33	9
R	28	5206	1768	317	26	27	28	1	-24	26	1	33	9
R	28	524D	1798	317	26	28	28	1	-25	26	1	33	9
R	28	5468	1828	317	25	26	28	0	-23	26	1	33	9
R	28	56F4	1857	317	24	26	28	2	-23	26	1	33	9
R	28	5747	1885	317	25	28	28	1	-25	26	1	33	9
R	28	5929	1914	317	26	26	28	1	-23	26	1	33	9
R	28	5C0F	1944	317	28	27	28	0	-24	26	1	33	9
R	28	5E74	1976	317	26	28	28	1	-25	26	1	33	9
R	28	5EA6	2006	317	26	28	28	1	-25	26	1	33	9
R	28	5F53	4	353	22	28	28	3	-25	26	1	33	9
R	28	5F55	30	353	26	26	28	1	-24	26	1	33	9
R	28	603B	60	353	26	27	28	1	-25	26	1	33	9
R	28	60C5	90	353	27	28	28	0	-25	26	1	33	9
R	28	6309	121	353	27	28	28	0	-25	26	1	33	9
R	28	6570	152	353	27	28	28	1	-25	26	1	33	9
R	28	65E0	183	353	26	26	28	1	-23	26	1	33	9
R	28	65E5	213	353	20	26	28	4	-23	26	1	33	9
R	28	65F6	237	353	25	27	28	2	-25	26	1	33	9
R	28	6682	266	353	26	28	28	1	-25	26	1	33	9
R	28	6708	296	353	23	26	28	0	-23	26	1	33	9
R	28	672C	323	353	26	28	28	1	-25	26	1	33	9
R	28	6EE1	353	353	26	28	28	1	-25	26	1	33	9
R	28	7684	383	353	24	27	28	2	-25	26	1	33	9
R	28	79D2	411	353	27	28	28	0	-25	26	1	33	9
R	28	7B2C	442	353	26	28	28	1	-25	26	1	33	9
R	28	7C4D	472	353	27	28	28	0	-25	26	1	33	9
R	28	8303	503	353	26	28	28	1	-25	26	1	33	9
R	28	8BB0	533	353	26	26	28	1	-24	26	1	33	9
R	28	8BE6	563	353	26	28	28	1	-25	26	1	33	9
R	28	8BFB	593	353	26	28	28	1	-25	26	1	33	9
R	28	8FD1	623	353	26	27	28	1	-25	26	1	33	9
R	28	8FDB	653	353	26	27	28	1	-24	26	1	33	9
R	28	949F	683	353	26	28	28	1	-25	26	1	33	9
R	28	957F	713	353	26	28	28	1	-25	26	1	33	9
R	28	9605	743	353	24	28	28	2	-25	26	1	33	9
R	28	9875	771	353	26	26	28	1	-23	26	1	33	9
R	28	FF0C	801	353	7	11	28	3	-7	26	1	33	9
B	28	20	812	353	1	1	6	0	0	26	0	33	9
B	28	21	817	353	7	24	9	1	-23	26	1	33	9
B	28	22	828	353	11	11	13	1	-23	26	1	33	9
B	28	23	843	353	16	23	16	0	-22	26	1	33	9
B	28	24	863	353	15	30	16	0	-25	26	1	33	9
B	28	25	882	353	26	23	26	0	-22	26	1	33	9
B	28	26	912	353	20	23	19	0	-22	26	1	33	9
B	28	27	936	353	6	11	8	1	-23	26	1	33	9
B	28	28	946	353	9	31	9	1	-24	26	1	33	9
B	28	29	959	353	8	31	9	0	-24	26	1	33	9
B	28	2A	971	353	13	12	13	0	-24	26	1	33	9
B	28	2B	988	353	16	18	16	0	-19	26	1	33	9
B	28	2C	1008	353	8	12	8	0	-5	26	1	33	9
B	28	2D	1020	353	10	4	10	0	-10	26	1	33	9
B	28	2E	1034	353	6	6	8	1	-5	26	1	33	9
B	28	2F	1044	353	13	30	11	-1	-24	26	1	33	9
B	28	30	1061	353	16	23	16	0	-22	26	1	33	9
B	28	31	1081	353	14	23	16	1	-22	26	1	33	9
B	28	32	1099	353	16	23	16	0	-22	26	1	33	9
B	28	33	1119	353	16	23	16	-1	-22	26	1	33	9
B	28	34	1139	353	17	23	16	-1	-22	26	1	33	9
B	28	35	1160	353	17	23	16	-1	-22	26	1	33	9
B	28	36	1181	353	16	23	16	0	-22	26	1	33	9
B	28	37	1201	353	16	23	16	0	-22	26	1	33	9
B	28	38	1221	353	16	23	16	0	-22	26	1	33	9
B	28	39	1241	353	16	23	16	0	-22	26	1	33	9
B	28	3A	1261	353	6	17	8	1	-16	26	1	33	9
B	28	3B	1271	353	8	23	8	0	-16	26	1	33	9
B	28	3C	1283	353	16	15	16	0	-18	26	1	33	9
B	28	3D	1303	353	16	11	16	0	-16	26	1	33	9
B	28	3E	1323	353	16	15	16	0	-18	26	1	33	9
B	28	3F	1343	353	13	24	13	0	-23	26	1	33	9
B	28	40	1360	353	26	27	26	0	-21	26	1	33	9
B	28	41	1390	353	19	23	17	-1	-22	26	1	33	9
B	28	42	1413	353	18	23	18	1	-22	26	1	33	9
B	28	43	1435	353	18	23	18	0	-22	26	1	33	9
B	28	44	1457	353	18	23	19	1	-22	26	1	33	9
B	28	45	1479	353	15	23	16	1	-22	26	1	33	9
B	28	46	1498	353	15	23	15	1	-22	26	1	33	9
B	28	47	1517	353	19	23	19	0	-22	26	1	33	9
B	28	48	1540	353	18	23	20	1	-22	26	1	33	9
B	28	49	1562	353	6	23	8	1	-22	26	1	33	9
B	28	4A	1572	353	14	23	15	0	-22	26	1	33	9
B	28	4B	1590	353	18	23	18	1	-22	26	1	33	9
B	28	4C	1612	353	15	23	15	1	-22	26	1	33	9
B	28	4D	1631	353	20	23	23	1	-22	26	1	33	9
B	28	4E	1655	353	18	23	20	1	-22	26	1	33	9
B	28	4F	1677	353	21	23	21	0	-22	26	1	33	9
B	28	50	1702	353	17	23	18	1	-22	26	1	33	9
B	28	51	1723	353	21	28	21	0	-22	26	1	33	9
B	28	52	1748	353	17	23	18	1	-22	26	1	33	9
B	28	53	1769	353	17	23	17	0	-22	26	1	33	9
B	28	54	1790	353	18	23	17	-1	-22	26	1	33	9
B	28	55	1812	353	18	23	20	1	-22	26	1	33	9
B	28	56	1834	353	19	23	16	-1	-22	26	1	33	9
B	28	57	1857	353	26	23	25	-1	-22	26	1	33	9
B	28	58	1887	353	18	23	16	-1	-22	26	1	33	9
B	28	59	1909	353	17	23	15	-1	-22	26	1	33	9
B	28	5A	1930	353	17	23	17	0	-22	26	1	33	9
B	28	5B	1951	353	9	29	9	1	-23	26	1	33	9
B	28	5C	1964	353	13	30	11	-1	-24	26	1	33	9
B	28	5D	1981	353	9	29	9	-1	-23	26	1	33	9
B	28	5E	1994	353	15	15	16	0	-22	26	1	33	9
B	28	5F	2013	353	18	4	16	-1	1	26	1	33	9
B	28	60	2035	353	9	9	17	3	-26	26	1	33	9
B	28	61	4	388	15	17	16	0	-16	26	1	33	9
B	28	62	23	388	16	24	17	1	-23	26	1	33	9
B	28	63	43	388	15	17	14	0	-16	26	1	33	9
B	28	64	62	388	16	24	17	0	-23	26	1	33	9
B	28	65	82	388	16	17	16	0	-16	26	1	33	9
B	28	66	102	388	12	25	9	-1	-24	26	1	33	9
B	28	67	118	388	17	24	16	0	-16	26	1	33	9
B	28	68	139	388	15	24	17	1	-23	26	1	33	9
B	28	69	158	388	6	24	8	1	-23	26	1	33	9
B	28	6A	168	388	10	31	8	-3	-23	26	1	33	9
B	28	6B	182	388	16	25	15	1	-24	26	1	33	9
B	28	6C	202	388	7	25	8	1	-24	26	1	33	9
B	28	6D	213	388	24	17	26	1	-16	26	1	33	9
B	28	6E	241	388	15	17	17	1	-16	26	1	33	9
B	28	6F	260	388	17	17	17	0	-16	26	1	33	9
B	28	70	281	388	16	24	17	1	-16	26	1	33	9
B	28	71	301	388	16	24	17	0	-16	26	1	33	9
B	28	72	321	388	11	17	11	1	-16	26	1	33	9
B	28	73	336	388	15	17	13	-1	-16	26	1	33	9
B	28	74	355	388	13	22	11	-1	-21	26	1	33	9
B	28	75	372	388	15	17	17	1	-16	26	1	33	9
B	28	76	391	388	17	17	15	-1	-16	26	1	33	9
B	28	77	412	388	24	17	22	-1	-16	26	1	33	9
B	28	78	440	388	16	17	14	-1	-16	26	1	33	9
B	28	79	460	388	17	24	15	-1	-16	26	1	33	9
B	28	7A	481	388	15	17	13	-1	-16	26	1	33	9
B	28	7B	500	388	10	29	9	0	-23	26	1	33	9
B	28	7C	514	388	5	34	8	1	-25	26	1	33	9
B	28	7D	523	388	11	29	9	-1	-23	26	1	33	9
B	28	7E	538	388	16	7	16	0	-14	26	1	33	9
B	28	4E66	558	388	28	30	28	0	-26	26	1	33	9
B	28	4ECA	590	388	28	30	28	0	-26	26	1	33	9
B	28	5171	622	388	28	30	28	0	-26	26	1	33	9
B	28	5206	654	388	28	29	28	0	-25	26	1	33	9
B	28	524D	686	388	28	29	28	0	-26	26	1	33	9
B	28	5468	718	388	27	28	28	-1	-24	26	1	33	9
B	28	56F4	749	388	26	28	28	1	-24	26	1	33	9
B	28	5747	779	388	27	30	28	0	-26	26	1	33	9
B	28	5929	810	388	28	28	28	0	-24	26	1	33	9
B	28	5C0F	842	388	30	29	28	-1	-25	26	1	33	9
B	28	5E74	876	388	28	30	28	0	-26	26	1	33	9
B	28	5EA6	908	388	28	30	28	0	-26	26	1	33	9
B	28	5F53	940	388	24	30	28	2	-26	26	1	33	9
B	28	5F55	968	388	28	28	28	0	-25	26	1	33	9
B	28	603B	1000	388	28	29	28	0	-26	26	1	33	9
B	28	60C5	1032	388	29	30	28	-1	-26	26	1	33	9
B	28	6309	1065	388	29	30	28	-1	-26	26	1	33	9
B	28	6570	1098	388	29	30	28	0	-26	26	1	33	9
B	28	65E0	1131	388	28	28	28	0	-24	26	1	33	9
B	28	65E5	1163	388	22	28	28	3	-24	26	1	33	9
B	28	65F6	1189	388	27	29	28	1	-26	26	1	33	9
B	28	6682	1220	388	28	30	28	0	-26	26	1	33	9
B	28	6708	1252	388	25	28	28	-1	-24	26	1	33	9
B	28	672C	1281	388	28	30	28	0	-26	26	1	33	9
B	28	6EE1	1313	388	28	30	28	0	-26	26	1	33	9
B	28	7684	1345	388	26	29	28	1	-26	26	1	33	9
B	28	79D2	1375	388	29	30	28	-1	-26	26	1	33	9
B	28	7B2C	1408	388	28	30	28	0	-26	26	1	33	9
B	28	7C4D	1440	388	29	30	28	-1	-26	26	1	33	9
B	28	8303	1473	388	28	30	28	0	-26	26	1	33	9
B	28	8BB0	1505	388	28	28	28	0	-25	26	1	33	9
B	28	8BE6	1537	388	28	30	28	0	-26	26	1	33	9
B	28	8BFB	1569	388	28	30	28	0	-26	26	1	33	9
B	28	8FD1	1601	388	28	29	28	0	-26	26	1	33	9
B	28	8FDB	1633	388	28	29	28	0	-25	26	1	33	9
B	28	949F	1665	388	28	30	28	0	-26	26	1	33	9
B	28	957F	1697	388	29	30	28	0	-26	26	1	33	9
B	28	9605	1730	388	26	30	28	1	-26	26	1	33	9
B	28	9875	1760	388	28	28	28	0	-24	26	1	33	9
B	28	FF0C	1792	388	9	13	28	2	-8	26	1	33	9
R	29	20	1805	388	1	1	7	0	0	27	0	34	9
R	29	21	1810	388	5	23	9	2	-23	27	1	34	9
R	29	22	1819	388	10	9	14	2	-23	27	1	34	9
R	29	23	1833	388	15	21	16	1	-21	27	1	34	9
R	29	24	1852	388	14	29	16	1	-25	27	1	34	9
R	29	25	1870	388	25	21	27	1	-21	27	1	34	9
R	29	26	1899	388	19	21	20	1	-21	27	1	34	9
R	29	27	1922	388	4	9	8	2	-23	27	1	34	9
R	29	28	1930	388	7	30	10	2	-24	27	1	34	9
R	29	29	1941	388	7	30	10	1	-24	27	1	34	9
R	29	2A	1952	388	11	10	14	1	-23	27	1	34	9
R	29	2B	1967	388	15	16	16	1	-19	27	1	34	9
R	29	2C	1986	388	6	10	8	1	-4	27	1	34	9
R	29	2D	1996	388	8	3	10	1	-10	27	1	34	9
R	29	2E	2008	388	4	4	8	2	-4	27	1	34	9
R	29	2F	2016	388	11	29	11	0	-23	27	1	34	9
R	29	30	4	426	14	21	16	1	-21	27	1	34	9
R	29	31	22	426	13	21	16	2	-21	27	1	34	9
R	29	32	39	426	14	21	16	1	-21	27	1	34	9
R	29	33	57	426	15	21	16	0	-21	27	1	34	9
R	29	34	76	426	16	21	16	0	-21	27	1	34	9
R	29	35	96	426	15	21	16	0	-21	27	1	34	9
R	29	36	115	426	14	21	16	1	-21	27	1	34	9
R	29	37	133	426	14	21	16	1	-21	27	1	34	9
R	29	38	151	426	14	21	16	1	-21	27	1	34	9
R	29	39	169	426	14	21	16	1	-21	27	1	34	9
R	29	3A	187	426	4	16	8	2	-16	27	1	34	9
R	29	3B	195	426	6	22	8	1	-16	27	1	34	9
R	29	3C	205	426	15	13	16	1	-17	27	1	34	9
R	29	3D	224	426	15	9	16	1	-15	27	1	34	9
R	29	3E	243	426	15	13	16	1	-17	27	1	34	9
R	29	3F	262	426	12	23	14	1	-23	27	1	34	9
R	29	40	278	426	25	26	27	1	-21	27	1	34	9
R	29	41	307	426	18	21	18	0	-21	27	1	34	9
R	29	42	329	426	16	21	19	2	-21	27	1	34	9
R	29	43	349	426	17	21	19	1	-21	27	1	34	9
R	29	44	370	426	17	21	20	2	-21	27	1	34	9
R	29	45	391	426	14	21	17	2	-21	27	1	34	9
R	29	46	409	426	14	21	16	2	-21	27	1	34	9
R	29	47	427	426	17	21	20	1	-21	27	1	34	9
R	29	48	448	426	17	21	21	2	-21	27	1	34	9
R	29	49	469	426	4	21	9	2	-21	27	1	34	9
R	29	4A	477	426	12	21	16	1	-21	27	1	34	9
R	29	4B	493	426	17	21	19	2	-21	27	1	34	9
R	29	4C	514	426	13	21	16	2	-21	27	1	34	9
R	29	4D	531	426	19	21	24	2	-21	27	1	34	9
R	29	4E	554	426	17	21	21	2	-21	27	1	34	9
R	29	4F	575	426	19	21	22	1	-21	27	1	34	9
R	29	50	598	426	15	21	18	2	-21	27	1	34	9
R	29	51	617	426	20	26	22	1	-21	27	1	34	9
R	29	52	641	426	16	21	18	2	-21	27	1	34	9
R	29	53	661	426	16	21	17	1	-21	27	1	34	9
R	29	54	681	426	17	21	17	0	-21	27	1	34	9
R	29	55	702	426	17	21	21	2	-21	27	1	34	9
R	29	56	723	426	17	21	17	0	-21	27	1	34	9
R	29	57	744	426	25	21	25	0	-21	27	1	34	9
R	29	58	773	426	17	21	17	0	-21	27	1	34	9
R	29	59	794	426	16	21	15	0	-21	27	1	34	9
R	29	5A	814	426	16	21	17	1	-21	27	1	34	9
R	29	5B	834	426	6	28	10	3	-23	27	1	34	9
R	29	5C	844	426	11	29	11	0	-23	27	1	34	9
R	29	5D	859	426	7	28	10	0	-23	27	1	34	9
R	29	5E	870	426	13	14	16	2	-22	27	1	34	9
R	29	5F	887	426	16	2	16	0	2	27	1	34	9
R	29	60	907	426	7	7	18	4	-25	27	1	34	9
R	29	61	918	426	13	16	16	1	-16	27	1	34	9
R	29	62	935	426	15	23	18	2	-23	27	1	34	9
R	29	63	954	426	13	16	15	1	-16	27	1	34	9
R	29	64	971	426	15	23	18	1	-23	27	1	34	9
R	29	65	990	426	14	16	16	1	-16	27	1	34	9
R	29	66	1008	426	11	24	9	0	-24	27	1	34	9
R	29	67	1023	426	15	23	16	1	-16	27	1	34	9
R	29	68	1042	426	14	23	18	2	-23	27	1	34	9
R	29	69	1060	426	4	23	8	2	-23	27	1	34	9
R	29	6A	1068	426	8	30	8	-2	-23	27	1	34	9
R	29	6B	1080	426	14	24	16	2	-24	27	1	34	9
R	29	6C	1098	426	5	24	8	2	-24	27	1	34	9
R	29	6D	1107	426	23	16	27	2	-16	27	1	34	9
R	29	6E	1134	426	14	16	18	2	-16	27	1	34	9
R	29	6F	1152	426	16	16	18	1	-16	27	1	34	9
R	29	70	1172	426	15	23	18	2	-16	27	1	34	9
R	29	71	1191	426	15	23	18	1	-16	27	1	34	9
R	29	72	1210	426	10	16	11	2	-16	27	1	34	9
R	29	73	1224	426	13	16	14	0	-16	27	1	34	9
R	29	74	1241	426	11	21	11	0	-21	27	1	34	9
R	29	75	1256	426	13	16	18	2	-16	27	1	34	9
R	29	76	1273	426	15	16	15	0	-16	27	1	34	9
R	29	77	1292	426	23	16	23	0	-16	27	1	34	9
R	29	78	1319	426	14	16	14	0	-16	27	1	34	9
R	29	79	1337	426	15	23	15	0	-16	27	1	34	9
R	29	7A	1356	426	12	16	14	1	-16	27	1	34	9
R	29	7B	1372	426	8	28	10	1	-23	27	1	34	9
R	29	7C	1384	426	3	33	8	2	-25	27	1	34	9
R	29	7D	1391	426	9	28	10	0	-23	27	1	34	9
R	29	7E	1404	426	14	5	16	1	-13	27	1	34	9
R	29	4E66	1422	426	27	29	29	1	-26	27	1	34	9
R	29	4ECA	1453	426	27	29	29	1	-26	27	1	34	9
R	29	5171	1484	426	27	29	29	1	-26	27	1	34	9
R	29	5206	1515	426	27	28	29	1	-25	27	1	34	9
R	29	524D	1546	426	27	29	29	1	-26	27	1	34	9
R	29	5468	1577	426	25	27	29	1	-24	27	1	34	9
R	29	56F4	1606	426	25	27	29	2	-24	27	1	34	9
R	29	5747	1635	426	26	29	29	1	-26	27	1	34	9
R	29	5929	1665	426	27	26	29	1	-23	27	1	34	9
R	29	5C0F	1696	426	29	28	29	0	-25	27	1	34	9
R	29	5E74	1729	426	27	29	29	1	-26	27	1	34	9
R	29	5EA6	1760	426	27	29	29	1	-26	27	1	34	9
R	29	5F53	1791	426	23	29	29	3	-26	27	1	34	9
R	29	5F55	1818	426	27	27	29	1	-25	27	1	34	9
R	29	603B	1849	426	27	28	29	1	-26	27	1	34	9
R	29	60C5	1880	426	28	29	29	0	-26	27	1	34	9
R	29	6309	1912	426	28	29	29	0	-26	27	1	34	9
R	29	6570	1944	426	28	29	29	1	-26	27	1	34	9
R	29	65E0	1976	426	27	27	29	1	-24	27	1	34	9
R	29	65E5	2007	426	20	26	29	5	-24	27	1	34	9
R	29	65F6	4	463	26	28	29	2	-26	27	1	34	9
R	29	6682	34	463	27	29	29	1	-26	27	1	34	9
R	29	6708	65	463	24	27	29	0	-24	27	1	34	9
R	29	672C	93	463	27	29	29	1	-26	27	1	34	9
R	29	6EE1	124	463	27	29	29	1	-26	27	1	34	9
R	29	7684	155	463	25	28	29	2	-26	27	1	34	9
R	29	79D2	184	463	28	29	29	0	-26	27	1	34	9
R	29	7B2C	216	463	27	29	29	1	-26	27	1	34	9
R	29	7C4D	247	463	28	29	29	0	-26	27	1	34	9
R	29	8303	279	463	27	29	29	1	-26	27	1	34	9
R	29	8BB0	310	463	27	27	29	1	-25	27	1	34	9
R	29	8BE6	341	463	27	29	29	1	-26	27	1	34	9
R	29	8BFB	372	463	27	29	29	1	-26	27	1	34	9
R	29	8FD1	403	463	27	28	29	1	-26	27	1	34	9
R	29	8FDB	434	463	27	27	29	1	-25	27	1	34	9
R	29	949F	465	463	27	29	29	1	-26	27	1	34	9
R	29	957F	496	463	27	29	29	1	-26	27	1	34	9
R	29	9605	527	463	25	29	29	2	-26	27	1	34	9
R	29	9875	556	463	27	27	29	1	-24	27	1	34	9
R	29	FF0C	587	463	7	12	29	3	-8	27	1	34	9
B	29	20	598	463	1	1	7	0	0	27	0	34	9
B	29	21	603	463	7	25	9	1	-24	27	1	34	9
B	29	22	614	463	12	11	14	1	-24	27	1	34	9
B	29	23	630	463	17	23	16	0	-22	27	1	34	9
B	29	24	651	463	16	31	16	0	-26	27	1	34	9
B	29	25	671	463	27	23	27	0	-22	27	1	34	9
B	29	26	702	463	21	23	20	0	-22	27	1	34	9
B	29	27	727	463	6	11	8	1	-24	27	1	34	9
B	29	28	737	463	9	32	10	1	-25	27	1	34	9
B	29	29	750	463	9	32	10	0	-25	27	1	34	9
B	29	2A	763	463	13	12	14	0	-24	27	1	34	9
B	29	2B	780	463	17	18	16	0	-20	27	1	34	9
B	29	2C	801	463	8	12	8	0	-5	27	1	34	9
B	29	2D	813	463	10	5	10	0	-11	27	1	34	9
B	29	2E	827	463	6	6	8	1	-5	27	1	34	9
B	29	2F	837	463	13	31	11	-1	-24	27	1	34	9
B	29	30	854	463	16	23	16	0	-22	27	1	34	9
B	29	31	874	463	15	23	16	1	-22	27	1	34	9
B	29	32	893	463	16	23	16	0	-22	27	1	34	9
B	29	33	913	463	17	23	16	-1	-22	27	1	34	9
B	29	34	934	463	18	23	16	-1	-22	27	1	34	9
B	29	35	956	463	17	23	16	-1	-22	27	1	34	9
B	29	36	977	463	16	23	16	0	-22	27	1	34	9
B	29	37	997	463	16	23	16	0	-22	27	1	34	9
B	29	38	1017	463	16	23	16	0	-22	27	1	34	9
B	29	39	1037	463	16	23	16	0	-22	27	1	34	9
B	29	3A	1057	463	6	18	8	1	-17	27	1	34	9
B	29	3B	1067	463	8	24	8	0	-17	27	1	34	9
B	29	3C	1079	463	17	15	16	0	-18	27	1	34	9
B	29	3D	1100	463	17	11	16	0	-16	27	1	34	9
B	29	3E	1121	463	17	15	16	0	-18	27	1	34	9
B	29	3F	1142	463	14	25	14	0	-24	27	1	34	9
B	29	40	1160	463	27	28	27	0	-22	27	1	34	9
B	29	41	1191	463	20	23	18	-1	-22	27	1	34	9
B	29	42	1215	463	18	23	19	1	-22	27	1	34	9
B	29	43	1237	463	19	23	19	0	-22	27	1	34	9
B	29	44	1260	463	19	23	20	1	-22	27	1	34	9
B	29	45	1283	463	16	23	17	1	-22	27	1	34	9
B	29	46	1303	463	16	23	16	1	-22	27	1	34	9
B	29	47	1323	463	19	23	20	0	-22	27	1	34	9
B	29	48	1346	463	19	23	21	1	-22	27	1	34	9
B	29	49	1369	463	6	23	9	1	-22	27	1	34	9
B	29	4A	1379	463	14	23	16	0	-22	27	1	34	9
B	29	4B	1397	463	19	23	19	1	-22	27	1	34	9
B	29	4C	1420	463	15	23	16	1	-22	27	1	34	9
B	29	4D	1439	463	21	23	24	1	-22	27	1	34	9
B	29	4E	1464	463	19	23	21	1	-22	27	1	34	9
B	29	4F	1487	463	21	23	22	0	-22	27	1	34	9
B	29	50	1512	463	17	23	18	1	-22	27	1	34	9
B	29	51	1533	463	22	28	22	0	-22	27	1	34	9
B	29	52	1559	463	18	23	18	1	-22	27	1	34	9
B	29	53	1581	463	18	23	17	0	-22	27	1	34	9
B	29	54	1603	463	19	23	17	-1	-22	27	1	34	9
B	29	55	1626	463	19	23	21	1	-22	27	1	34	9
B	29	56	1649	463	19	23	17	-1	-22	27	1	34	9
B	29	57	1672	463	27	23	25	-1	-22	27	1	34	9
B	29	58	1703	463	19	23	17	-1	-22	27	1	34	9
B	29	59	1726	463	18	23	15	-1	-22	27	1	34	9
B	29	5A	1748	463	18	23	17	0	-22	27	1	34	9
B	29	5B	1770	463	8	30	10	2	-24	27	1	34	9
B	29	5C	1782	463	13	31	11	-1	-24	27	1	34	9
B	29	5D	1799	463	9	30	10	-1	-24	27	1	34	9
B	29	5E	1812	463	15	16	16	1	-23	27	1	34	9
B	29	5F	1831	463	18	4	16	-1	1	27	1	34	9
B	29	60	1853	463	9	9	18	3	-26	27	1	34	9
B	29	61	1866	463	15	18	16	0	-17	27	1	34	9
B	29	62	1885	463	17	25	18	1	-24	27	1	34	9
B	29	63	1906	463	15	18	15	0	-17	27	1	34	9
B	29	64	1925	463	17	25	18	0	-24	27	1	34	9
B	29	65	1946	463	16	18	16	0	-17	27	1	34	9
B	29	66	1966	463	13	26	9	-1	-25	27	1	34	9
B	29	67	1983	463	17	25	16	0	-17	27	1	34	9
B	29	68	2004	463	16	25	18	1	-24	27	1	34	9
B	29	69	2024	463	6	25	8	1	-24	27	1	34	9
B	29	6A	2034	463	10	32	8	-3	-24	27	1	34	9
B	29	6B	4	499	16	26	16	1	-25	27	1	34	9
B	29	6C	24	499	7	26	8	1	-25	27	1	34	9
B	29	6D	35	499	25	18	27	1	-17	27	1	34	9
B	29	6E	64	499	16	18	18	1	-17	27	1	34	9
B	29	6F	84	499	18	18	18	0	-17	27	1	34	9
B	29	70	106	499	17	25	18	1	-17	27	1	34	9
B	29	71	127	499	17	25	18	0	-17	27	1	34	9
B	29	72	148	499	12	18	11	1	-17	27	1	34	9
B	29	73	164	499	15	18	14	-1	-17	27	1	34	9
B	29	74	183	499	13	23	11	-1	-22	27	1	34	9
B	29	75	200	499	15	18	18	1	-17	27	1	34	9
B	29	76	219	499	17	18	15	-1	-17	27	1	34	9
B	29	77	240	499	25	18	23	-1	-17	27	1	34	9
B	29	78	269	499	16	18	14	-1	-17	27	1	34	9
B	29	79	289	499	17	25	15	-1	-17	27	1	34	9
B	29	7A	310	499	14	18	14	0	-17	27	1	34	9
B	29	7B	328	499	10	30	10	0	-24	27	1	34	9
B	29	7C	342	499	5	35	8	1	-26	27	1	34	9
B	29	7D	351	499	11	30	10	-1	-24	27	1	34	9
B	29	7E	366	499	16	7	16	0	-14	27	1	34	9
B	29	4E66	386	499	29	31	29	0	-27	27	1	34	9
B	29	4ECA	419	499	29	31	29	0	-27	27	1	34	9
B	29	5171	452	499	29	31	29	0	-27	27	1	34	9
B	29	5206	485	499	29	30	29	0	-26	27	1	34	9
B	29	524D	518	499	29	31	29	0	-27	27	1	34	9
B	29	5468	551	499	27	29	29	0	-25	27	1	34	9
B	29	56F4	582	499	27	29	29	1	-25	27	1	34	9
B	29	5747	613	499	28	31	29	0	-27	27	1	34	9
B	29	5929	645	499	29	28	29	0	-24	27	1	34	9
B	29	5C0F	678	499	31	30	29	-1	-26	27	1	34	9
B	29	5E74	713	499	29	31	29	0	-27	27	1	34	9
B	29	5EA6	746	499	29	31	29	0	-27	27	1	34	9
B	29	5F53	779	499	25	31	29	2	-27	27	1	34	9
B	29	5F55	808	499	29	29	29	0	-26	27	1	34	9
B	29	603B	841	499	29	30	29	0	-27	27	1	34	9
B	29	60C5	874	499	30	31	29	-1	-27	27	1	34	9
B	29	6309	908	499	30	31	29	-1	-27	27	1	34	9
B	29	6570	942	499	30	31	29	0	-27	27	1	34	9
B	29	65E0	976	499	29	29	29	0	-25	27	1	34	9
B	29	65E5	1009	499	22	28	29	4	-25	27	1	34	9
B	29	65F6	1035	499	28	30	29	1	-27	27	1	34	9
B	29	6682	1067	499	29	31	29	0	-27	27	1	34	9
B	29	6708	1100	499	26	29	29	-1	-25	27	1	34	9
B	29	672C	1130	499	29	31	29	0	-27	27	1	34	9
B	29	6EE1	1163	499	29	31	29	0	-27	27	1	34	9
B	29	7684	1196	499	27	30	29	1	-27	27	1	34	9
B	29	79D2	1227	499	30	31	29	-1	-27	27	1	34	9
B	29	7B2C	1261	499	29	31	29	0	-27	27	1	34	9
B	29	7C4D	1294	499	30	31	29	-1	-27	27	1	34	9
B	29	8303	1328	499	29	31	29	0	-27	27	1	34	9
B	29	8BB0	1361	499	29	29	29	0	-26	27	1	34	9
B	29	8BE6	1394	499	29	31	29	0	-27	27	1	34	9
B	29	8BFB	1427	499	29	31	29	0	-27	27	1	34	9
B	29	8FD1	1460	499	29	30	29	0	-27	27	1	34	9
B	29	8FDB	1493	499	29	29	29	0	-26	27	1	34	9
B	29	949F	1526	499	29	31	29	0	-27	27	1	34	9
B	29	957F	1559	499	30	31	29	0	-27	27	1	34	9
B	29	9605	1593	499	27	31	29	1	-27	27	1	34	9
B	29	9875	1624	499	29	29	29	0	-25	27	1	34	9
B	29	FF0C	1657	499	9	14	29	2	-9	27	1	34	9
R	30	20	1670	499	1	1	7	0	0	27	0	35	9
R	30	21	1675	499	5	23	10	2	-23	27	1	35	9
R	30	22	1684	499	10	9	14	2	-23	27	1	35	9
R	30	23	1698	499	15	23	17	1	-23	27	1	35	9
R	30	24	1717	499	14	30	17	1	-26	27	1	35	9
R	30	25	1735	499	26	22	28	1	-22	27	1	35	9
R	30	26	1765	499	19	22	20	1	-22	27	1	35	9
R	30	27	1788	499	4	9	8	2	-23	27	1	35	9
R	30	28	1796	499	7	31	10	2	-25	27	1	35	9
R	30	29	1807	499	7	31	10	1	-25	27	1	35	9
R	30	2A	1818	499	11	10	14	1	-24	27	1	35	9
R	30	2B	1833	499	15	16	17	1	-19	27	1	35	9
R	30	2C	1852	499	6	10	8	1	-4	27	1	35	9
R	30	2D	1862	499	9	3	10	1	-10	27	1	35	9
R	30	2E	1875	499	5	5	8	2	-5	27	1	35	9
R	30	2F	1884	499	12	30	12	0	-24	27	1	35	9
R	30	30	1900	499	15	22	17	1	-22	27	1	35	9
R	30	31	1919	499	13	22	17	2	-22	27	1	35	9
R	30	32	1936	499	15	22	17	1	-22	27	1	35	9
R	30	33	1955	499	15	22	17	0	-22	27	1	35	9
R	30	34	1974	499	16	22	17	0	-22	27	1	35	9
R	30	35	1994	499	16	22	17	0	-22	27	1	35	9
R	30	36	2014	499	15	22	17	1	-22	27	1	35	9
R	30	37	4	538	15	22	17	1	-22	27	1	35	9
R	30	38	23	538	15	22	17	1	-22	27	1	35	9
R	30	39	42	538	15	22	17	1	-22	27	1	35	9
R	30	3A	61	538	5	17	8	2	-17	27	1	35	9
R	30	3B	70	538	6	22	8	1	-16	27	1	35	9
R	30	3C	80	538	15	14	17	1	-18	27	1	35	9
R	30	3D	99	538	15	10	17	1	-16	27	1	35	9
R	30	3E	118	538	15	14	17	1	-18	27	1	35	9
R	30	3F	137	538	12	24	14	1	-24	27	1	35	9
R	30	40	153	538	26	27	28	1	-22	27	1	35	9
R	30	41	183	538	19	22	18	0	-22	27	1	35	9
R	30	42	206	538	16	22	20	3	-22	27	1	35	9
R	30	43	226	538	17	22	19	1	-22	27	1	35	9
R	30	44	247	538	16	22	21	3	-22	27	1	35	9
R	30	45	267	538	14	22	18	3	-22	27	1	35	9
R	30	46	285	538	13	22	17	3	-22	27	1	35	9
R	30	47	302	538	18	22	21	1	-22	27	1	35	9
R	30	48	324	538	16	22	22	3	-22	27	1	35	9
R	30	49	344	538	3	22	9	3	-22	27	1	35	9
R	30	4A	351	538	13	22	16	1	-22	27	1	35	9
R	30	4B	368	538	17	22	19	3	-22	27	1	35	9
R	30	4C	389	538	13	22	16	3	-22	27	1	35	9
R	30	4D	406	538	19	22	24	3	-22	27	1	35	9
R	30	4E	429	538	16	22	22	3	-22	27	1	35	9
R	30	4F	449	538	20	22	22	1	-22	27	1	35	9
R	30	50	473	538	15	22	19	3	-22	27	1	35	9
R	30	51	492	538	20	28	22	1	-22	27	1	35	9
R	30	52	516	538	16	22	19	3	-22	27	1	35	9
R	30	53	536	538	16	22	18	1	-22	27	1	35	9
R	30	54	556	538	18	22	18	0	-22	27	1	35	9
R	30	55	578	538	17	22	22	2	-22	27	1	35	9
R	30	56	599	538	18	22	17	0	-22	27	1	35	9
R	30	57	621	538	26	22	26	0	-22	27	1	35	9
R	30	58	651	538	17	22	17	0	-22	27	1	35	9
R	30	59	672	538	16	22	16	0	-22	27	1	35	9
R	30	5A	692	538	16	22	18	1	-22	27	1	35	9
R	30	5B	712	538	7	29	10	3	-24	27	1	35	9
R	30	5C	723	538	12	30	12	0	-24	27	1	35	9
R	30	5D	739	538	6	29	10	1	-24	27	1	35	9
R	30	5E	749	538	13	14	17	2	-23	27	1	35	9
R	30	5F	766	538	17	2	17	0	2	27	1	35	9
R	30	60	787	538	7	7	18	4	-26	27	1	35	9
R	30	61	798	538	14	16	17	1	-16	27	1	35	9
R	30	62	816	538	15	24	19	2	-24	27	1	35	9
R	30	63	835	538	14	16	15	1	-16	27	1	35	9
R	30	64	853	538	15	24	19	1	-24	27	1	35	9
R	30	65	872	538	15	16	17	1	-16	27	1	35	9
R	30	66	891	538	11	24	10	0	-24	27	1	35	9
R	30	67	906	538	16	23	17	1	-16	27	1	35	9
R	30	68	926	538	14	24	18	2	-24	27	1	35	9
R	30	69	944	538	4	23	8	2	-23	27	1	35	9
R	30	6A	952	538	8	30	8	-2	-23	27	1	35	9
R	30	6B	964	538	15	24	17	2	-24	27	1	35	9
R	30	6C	983	538	6	25	9	2	-25	27	1	35	9
R	30	6D	993	538	24	16	28	2	-16	27	1	35	9
R	30	6E	1021	538	14	16	18	2	-16	27	1	35	9
R	30	6F	1039	538	16	16	18	1	-16	27	1	35	9
R	30	70	1059	538	15	23	19	2	-16	27	1	35	9
R	30	71	1078	538	15	23	19	1	-16	27	1	35	9
R	30	72	1097	538	10	16	12	2	-16	27	1	35	9
R	30	73	1111	538	12	16	14	1	-16	27	1	35	9
R	30	74	1127	538	11	21	11	0	-21	27	1	35	9
R	30	75	1142	538	14	16	18	2	-16	27	1	35	9
R	30	76	1160	538	16	16	16	0	-16	27	1	35	9
R	30	77	1180	538	24	16	24	0	-16	27	1	35	9
R	30	78	1208	538	15	16	15	0	-16	27	1	35	9
R	30	79	1227	538	16	23	16	0	-16	27	1	35	9
R	30	7A	1247	538	13	16	14	1	-16	27	1	35	9
R	30	7B	1264	538	9	29	10	1	-24	27	1	35	9
R	30	7C	1277	538	2	34	8	3	-25	27	1	35	9
R	30	7D	1283	538	8	29	10	1	-24	27	1	35	9
R	30	7E	1295	538	15	6	17	1	-14	27	1	35	9
R	30	4E66	1314	538	28	30	30	1	-26	27	1	35	9
R	30	4ECA	1346	538	28	30	30	1	-26	27	1	35	9
R	30	5171	1378	538	28	30	30	1	-26	27	1	35	9
R	30	5206	1410	538	28	29	30	1	-25	27	1	35	9
R	30	524D	1442	538	28	30	30	1	-26	27	1	35	9
R	30	5468	1474	538	26	28	30	1	-24	27	1	35	9
R	30	56F4	1504	538	26	28	30	2	-24	27	1	35	9
R	30	5747	1534	538	27	30	30	1	-26	27	1	35	9
R	30	5929	1565	538	28	27	30	1	-23	27	1	35	9
R	30	5C0F	1597	538	29	29	30	1	-25	27	1	35	9
R	30	5E74	1630	538	28	30	30	1	-26	27	1	35	9
R	30	5EA6	1662	538	28	30	30	1	-26	27	1	35	9
R	30	5F53	1694	538	24	30	30	3	-26	27	1	35	9
R	30	5F55	1722	538	27	27	30	2	-24	27	1	35	9
R	30	603B	1753	538	28	29	30	1	-26	27	1	35	9
R	30	60C5	1785	538	29	30	30	0	-26	27	1	35	9
R	30	6309	1818	538	29	30	30	0	-26	27	1	35	9
R	30	6570	1851	538	29	30	30	1	-26	27	1	35	9
R	30	65E0	1884	538	28	28	30	1	-24	27	1	35	9
R	30	65E5	1916	538	20	26	30	5	-23	27	1	35	9
R	30	65F6	1940	538	27	29	30	2	-26	27	1	35	9
R	30	6682	1971	538	28	30	30	1	-26	27	1	35	9
R	30	6708	2003	538	25	28	30	0	-24	27	1	35	9
R	30	672C	4	576	28	30	30	1	-26	27	1	35	9
R	30	6EE1	36	576	28	30	30	1	-26	27	1	35	9
R	30	7684	68	576	26	30	30	2	-26	27	1	35	9
R	30	79D2	98	576	29	30	30	0	-26	27	1	35	9
R	30	7B2C	131	576	28	30	30	1	-26	27	1	35	9
R	30	7C4D	163	576	29	30	30	0	-26	27	1	35	9
R	30	8303	196	576	28	30	30	1	-26	27	1	35	9
R	30	8BB0	228	576	28	28	30	1	-25	27	1	35	9
R	30	8BE6	260	576	28	30	30	1	-26	27	1	35	9
R	30	8BFB	292	576	28	30	30	1	-26	27	1	35	9
R	30	8FD1	324	576	28	29	30	1	-26	27	1	35	9
R	30	8FDB	356	576	28	28	30	1	-25	27	1	35	9
R	30	949F	388	576	28	30	30	1	-26	27	1	35	9
R	30	957F	420	576	28	30	30	1	-26	27	1	35	9
R	30	9605	452	576	26	29	30	2	-25	27	1	35	9
R	30	9875	482	576	28	28	30	1	-24	27	1	35	9
R	30	FF0C	514	576	6	12	30	4	-7	27	1	35	9
B	30	20	524	576	1	1	7	0	0	27	0	35	9
B	30	21	529	576	7	25	10	1	-24	27	1	35	9
B	30	22	540	576	12	11	14	1	-24	27	1	35	9
B	30	23	556	576	17	25	17	0	-24	27	1	35	9
B	30	24	577	576	16	32	17	0	-27	27	1	35	9
B	30	25	597	576	28	24	28	0	-23	27	1	35	9
B	30	26	629	576	21	24	20	0	-23	27	1	35	9
B	30	27	654	576	6	11	8	1	-24	27	1	35	9
B	30	28	664	576	9	33	10	1	-26	27	1	35	9
B	30	29	677	576	9	33	10	0	-26	27	1	35	9
B	30	2A	690	576	12	12	14	1	-25	27	1	35	9
B	30	2B	706	576	17	18	17	0	-20	27	1	35	9
B	30	2C	727	576	8	12	8	0	-5	27	1	35	9
B	30	2D	739	576	11	5	10	0	-11	27	1	35	9
B	30	2E	754	576	7	7	8	1	-6	27	1	35	9
B	30	2F	765	576	14	32	12	-1	-25	27	1	35	9
B	30	30	783	576	17	24	17	0	-23	27	1	35	9
B	30	31	804	576	15	24	17	1	-23	27	1	35	9
B	30	32	823	576	17	24	17	0	-23	27	1	35	9
B	30	33	844	576	17	24	17	-1	-23	27	1	35	9
B	30	34	865	576	18	24	17	-1	-23	27	1	35	9
B	30	35	887	576	18	24	17	-1	-23	27	1	35	9
B	30	36	909	576	17	24	17	0	-23	27	1	35	9
B	30	37	930	576	17	24	17	0	-23	27	1	35	9
B	30	38	951	576	17	24	17	0	-23	27	1	35	9
B	30	39	972	576	16	24	17	0	-23	27	1	35	9
B	30	3A	992	576	7	19	8	1	-18	27	1	35	9
B	30	3B	1003	576	8	24	8	0	-17	27	1	35	9
B	30	3C	1015	576	17	16	17	0	-19	27	1	35	9
B	30	3D	1036	576	17	12	17	0	-17	27	1	35	9
B	30	3E	1057	576	17	16	17	0	-19	27	1	35	9
B	30	3F	1078	576	14	26	14	0	-25	27	1	35	9
B	30	40	1096	576	28	29	28	0	-23	27	1	35	9
B	30	41	1128	576	21	24	18	-1	-23	27	1	35	9
B	30	42	1153	576	18	24	20	2	-23	27	1	35	9
B	30	43	1175	576	20	24	19	0	-23	27	1	35	9
B	30	44	1199	576	18	24	21	2	-23	27	1	35	9
B	30	45	1221	576	16	24	18	2	-23	27	1	35	9
B	30	46	1241	576	15	24	17	2	-23	27	1	35	9
B	30	47	1260	576	20	24	21	0	-23	27	1	35	9
B	30	48	1284	576	18	24	22	2	-23	27	1	35	9
B	30	49	1306	576	5	24	9	2	-23	27	1	35	9
B	30	4A	1315	576	15	24	16	0	-23	27	1	35	9
B	30	4B	1334	576	19	24	19	2	-23	27	1	35	9
B	30	4C	1357	576	15	24	16	2	-23	27	1	35	9
B	30	4D	1376	576	21	24	24	2	-23	27	1	35	9
B	30	4E	1401	576	18	24	22	2	-23	27	1	35	9
B	30	4F	1423	576	22	24	22	0	-23	27	1	35	9
B	30	50	1449	576	17	24	19	2	-23	27	1	35	9
B	30	51	1470	576	22	30	22	0	-23	27	1	35	9
B	30	52	1496	576	18	24	19	2	-23	27	1	35	9
B	30	53	1518	576	18	24	18	0	-23	27	1	35	9
B	30	54	1540	576	20	24	18	-1	-23	27	1	35	9
B	30	55	1564	576	19	24	22	1	-23	27	1	35	9
B	30	56	1587	576	20	24	17	-1	-23	27	1	35	9
B	30	57	1611	576	28	24	26	-1	-23	27	1	35	9
B	30	58	1643	576	19	24	17	-1	-23	27	1	35	9
B	30	59	1666	576	18	24	16	-1	-23	27	1	35	9
B	30	5A	1688	576	18	24	18	0	-23	27	1	35	9
B	30	5B	1710	576	9	31	10	2	-25	27	1	35	9
B	30	5C	1723	576	14	32	12	-1	-25	27	1	35	9
B	30	5D	1741	576	8	31	10	0	-25	27	1	35	9
B	30	5E	1753	576	15	16	17	1	-24	27	1	35	9
B	30	5F	1772	576	19	4	17	-1	1	27	1	35	9
B	30	60	1795	576	9	9	18	3	-27	27	1	35	9
B	30	61	1808	576	16	18	17	0	-17	27	1	35	9
B	30	62	1828	576	17	26	19	1	-25	27	1	35	9
B	30	63	1849	576	16	18	15	0	-17	27	1	35	9
B	30	64	1869	576	17	26	19	0	-25	27	1	35	9
B	30	65	1890	576	17	18	17	0	-17	27	1	35	9
B	30	66	1911	576	13	26	10	-1	-25	27	1	35	9
B	30	67	1928	576	18	25	17	0	-17	27	1	35	9
B	30	68	1950	576	16	26	18	1	-25	27	1	35	9
B	30	69	1970	576	6	25	8	1	-24	27	1	35	9
B	30	6A	1980	576	10	32	8	-3	-24	27	1	35	9
B	30	6B	1994	576	17	26	17	1	-25	27	1	35	9
B	30	6C	2015	576	8	27	9	1	-26	27	1	35	9
B	30	6D	4	613	26	18	28	1	-17	27	1	35	9
B	30	6E	34	613	16	18	18	1	-17	27	1	35	9
B	30	6F	54	613	18	18	18	0	-17	27	1	35	9
B	30	70	76	613	17	25	19	1	-17	27	1	35	9
B	30	71	97	613	17	25	19	0	-17	27	1	35	9
B	30	72	118	613	12	18	12	1	-17	27	1	35	9
B	30	73	134	613	15	18	14	-1	-17	27	1	35	9
B	30	74	153	613	13	23	11	-1	-22	27	1	35	9
B	30	75	170	613	16	18	18	1	-17	27	1	35	9
B	30	76	190	613	18	18	16	-1	-17	27	1	35	9
B	30	77	212	613	26	18	24	-1	-17	27	1	35	9
B	30	78	242	613	17	18	15	-1	-17	27	1	35	9
B	30	79	263	613	18	25	16	-1	-17	27	1	35	9
B	30	7A	285	613	15	18	14	0	-17	27	1	35	9
B	30	7B	304	613	11	31	10	0	-25	27	1	35	9
B	30	7C	319	613	4	36	8	2	-26	27	1	35	9
B	30	7D	327	613	10	31	10	0	-25	27	1	35	9
B	30	7E	341	613	17	8	17	0	-15	27	1	35	9
B	30	4E66	362	613	30	32	30	0	-27	27	1	35	9
B	30	4ECA	396	613	30	32	30	0	-27	27	1	35	9
B	30	5171	430	613	30	32	30	0	-27	27	1	35	9
B	30	5206	464	613	30	31	30	0	-26	27	1	35	9
B	30	524D	498	613	30	32	30	0	-27	27	1	35	9
B	30	5468	532	613	28	30	30	0	-25	27	1	35	9
B	30	56F4	564	613	28	30	30	1	-25	27	1	35	9
B	30	5747	596	613	29	32	30	0	-27	27	1	35	9
B	30	5929	629	613	30	29	30	0	-24	27	1	35	9
B	30	5C0F	663	613	31	31	30	0	-26	27	1	35	9
B	30	5E74	698	613	30	32	30	0	-27	27	1	35	9
B	30	5EA6	732	613	30	32	30	0	-27	27	1	35	9
B	30	5F53	766	613	26	32	30	2	-27	27	1	35	9
B	30	5F55	796	613	29	29	30	1	-25	27	1	35	9
B	30	603B	829	613	30	31	30	0	-27	27	1	35	9
B	30	60C5	863	613	31	32	30	-1	-27	27	1	35	9
B	30	6309	898	613	31	32	30	-1	-27	27	1	35	9
B	30	6570	933	613	31	32	30	0	-27	27	1	35	9
B	30	65E0	968	613	30	29	30	0	-25	27	1	35	9
B	30	65E5	1002	613	22	28	30	4	-24	27	1	35	9
B	30	65F6	1028	613	29	31	30	1	-27	27	1	35	9
B	30	6682	1061	613	30	32	30	0	-27	27	1	35	9
B	30	6708	1095	613	27	30	30	-1	-25	27	1	35	9
B	30	672C	1126	613	30	32	30	0	-27	27	1	35	9
B	30	6EE1	1160	613	30	32	30	0	-27	27	1	35	9
B	30	7684	1194	613	28	32	30	1	-27	27	1	35	9
B	30	79D2	1226	613	31	32	30	-1	-27	27	1	35	9
B	30	7B2C	1261	613	30	32	30	0	-27	27	1	35	9
B	30	7C4D	1295	613	31	32	30	-1	-27	27	1	35	9
B	30	8303	1330	613	30	32	30	0	-27	27	1	35	9
B	30	8BB0	1364	613	30	30	30	0	-26	27	1	35	9
B	30	8BE6	1398	613	30	32	30	0	-27	27	1	35	9
B	30	8BFB	1432	613	30	32	30	0	-27	27	1	35	9
B	30	8FD1	1466	613	30	31	30	0	-27	27	1	35	9
B	30	8FDB	1500	613	30	30	30	0	-26	27	1	35	9
B	30	949F	1534	613	30	32	30	0	-27	27	1	35	9
B	30	957F	1568	613	30	31	30	0	-27	27	1	35	9
B	30	9605	1602	613	28	31	30	1	-26	27	1	35	9
B	30	9875	1634	613	30	30	30	0	-25	27	1	35	9
B	30	FF0C	1668	613	8	14	30	3	-8	27	1	35	9
R	31	20	1680	613	1	1	7	0	0	28	0	36	9
R	31	21	1685	613	6	24	10	2	-24	28	1	36	9
R	31	22	1695	613	10	9	15	2	-24	28	1	36	9
R	31	23	1709	613	16	23	17	1	-23	28	1	36	9
R	31	24	1729	613	15	30	17	1	-26	28	1	36	9
R	31	25	1748	613	27	23	29	1	-23	28	1	36	9
R	31	26	1779	613	20	23	21	1	-23	28	1	36	9
R	31	27	1803	613	4	9	9	2	-24	28	1	36	9
R	31	28	1811	613	8	32	10	2	-26	28	1	36	9
R	31	29	1823	613	7	32	10	1	-26	28	1	36	9
R	31	2A	1834	613	11	11	14	2	-25	28	1	36	9
R	31	2B	1849	613	16	16	17	1	-19	28	1	36	9
R	31	2C	1869	613	6	10	9	1	-4	28	1	36	9
R	31	2D	1879	613	9	3	11	1	-10	28	1	36	9
R	31	2E	1892	613	5	5	9	2	-5	28	1	36	9
R	31	2F	1901	613	12	31	12	0	-25	28	1	36	9
R	31	30	1917	613	15	23	17	1	-23	28	1	36	9
R	31	31	1936	613	14	23	17	2	-23	28	1	36	9
R	31	32	1954	613	15	23	17	1	-23	28	1	36	9
R	31	33	1973	613	16	23	17	0	-23	28	1	36	9
R	31	34	1993	613	17	23	17	0	-23	28	1	36	9
R	31	35	2014	613	16	23	17	0	-23	28	1	36	9
R	31	36	4	653	15	23	17	1	-23	28	1	36	9
R	31	37	23	653	15	23	17	1	-23	28	1	36	9
R	31	38	42	653	15	23	17	1	-23	28	1	36	9
R	31	39	61	653	15	23	17	1	-23	28	1	36	9
R	31	3A	80	653	5	17	9	2	-17	28	1	36	9
R	31	3B	89	653	6	23	9	1	-17	28	1	36	9
R	31	3C	99	653	16	14	17	1	-19	28	1	36	9
R	31	3D	119	653	16	11	17	1	-17	28	1	36	9
R	31	3E	139	653	16	14	17	1	-19	28	1	36	9
R	31	3F	159	653	13	24	15	1	-24	28	1	36	9
R	31	40	176	653	27	27	29	1	-22	28	1	36	9
R	31	41	207	653	19	23	19	0	-23	28	1	36	9
R	31	42	230	653	16	23	20	3	-23	28	1	36	9
R	31	43	250	653	18	23	20	1	-23	28	1	36	9
R	31	44	272	653	17	23	21	3	-23	28	1	36	9
R	31	45	293	653	14	23	18	3	-23	28	1	36	9
R	31	46	311	653	14	23	17	3	-23	28	1	36	9
R	31	47	329	653	19	23	21	1	-23	28	1	36	9
R	31	48	352	653	17	23	23	3	-23	28	1	36	9
R	31	49	373	653	3	23	9	3	-23	28	1	36	9
R	31	4A	380	653	13	23	17	1	-23	28	1	36	9
R	31	4B	397	653	17	23	20	3	-23	28	1	36	9
R	31	4C	418	653	13	23	17	3	-23	28	1	36	9
R	31	4D	435	653	20	23	25	3	-23	28	1	36	9
R	31	4E	459	653	17	23	22	3	-23	28	1	36	9
R	31	4F	480	653	21	23	23	1	-23	28	1	36	9
R	31	50	505	653	16	23	20	3	-23	28	1	36	9
R	31	51	525	653	21	29	23	1	-23	28	1	36	9
R	31	52	550	653	16	23	20	3	-23	28	1	36	9
R	31	53	570	653	17	23	18	1	-23	28	1	36	9
R	31	54	591	653	18	23	19	0	-23	28	1	36	9
R	31	55	613	653	17	23	22	3	-23	28	1	36	9
R	31	56	634	653	18	23	18	0	-23	28	1	36	9
R	31	57	656	653	27	23	27	0	-23	28	1	36	9
R	31	58	687	653	18	23	18	0	-23	28	1	36	9
R	31	59	709	653	17	23	16	0	-23	28	1	36	9
R	31	5A	730	653	17	23	19	1	-23	28	1	36	9
R	31	5B	751	653	7	30	10	3	-25	28	1	36	9
R	31	5C	762	653	12	31	12	0	-25	28	1	36	9
R	31	5D	778	653	7	30	10	1	-25	28	1	36	9
R	31	5E	789	653	14	14	17	2	-23	28	1	36	9
R	31	5F	807	653	17	2	17	0	2	28	1	36	9
R	31	60	828	653	8	8	19	4	-27	28	1	36	9
R	31	61	840	653	14	17	17	1	-17	28	1	36	9
R	31	62	858	653	16	25	19	2	-25	28	1	36	9
R	31	63	878	653	14	17	16	1	-17	28	1	36	9
R	31	64	896	653	16	25	19	1	-25	28	1	36	9
R	31	65	916	653	15	17	17	1	-17	28	1	36	9
R	31	66	935	653	10	26	10	1	-26	28	1	36	9
R	31	67	949	653	17	24	17	1	-17	28	1	36	9
R	31	68	970	653	15	25	19	2	-25	28	1	36	9
R	31	69	989	653	5	24	9	2	-24	28	1	36	9
R	31	6A	998	653	9	31	9	-2	-24	28	1	36	9
R	31	6B	1011	653	15	25	17	2	-25	28	1	36	9
R	31	6C	1030	653	6	26	9	2	-26	28	1	36	9
R	31	6D	1040	653	25	17	29	2	-17	28	1	36	9
R	31	6E	1069	653	15	17	19	2	-17	28	1	36	9
R	31	6F	1088	653	17	17	19	1	-17	28	1	36	9
R	31	70	1109	653	16	24	19	2	-17	28	1	36	9
R	31	71	1129	653	16	24	19	1	-17	28	1	36	9
R	31	72	1149	653	11	17	12	2	-17	28	1	36	9
R	31	73	1164	653	13	17	15	1	-17	28	1	36	9
R	31	74	1181	653	12	22	12	0	-22	28	1	36	9
R	31	75	1197	653	14	17	19	2	-17	28	1	36	9
R	31	76	1215	653	16	17	16	0	-17	28	1	36	9
R	31	77	1235	653	24	17	25	0	-17	28	1	36	9
R	31	78	1263	653	15	17	15	0	-17	28	1	36	9
R	31	79	1282	653	16	24	16	0	-17	28	1	36	9
R	31	7A	1302	653	13	17	15	1	-17	28	1	36	9
R	31	7B	1319	653	9	30	10	1	-25	28	1	36	9
R	31	7C	1332	653	3	35	8	3	-26	28	1	36	9
R	31	7D	1339	653	9	30	10	1	-25	28	1	36	9
R	31	7E	1352	653	15	6	17	1	-14	28	1	36	9
R	31	4E66	1371	653	29	31	31	1	-27	28	1	36	9
R	31	4ECA	1404	653	29	31	31	1	-27	28	1	36	9
R	31	5171	1437	653	29	30	31	1	-26	28	1	36	9
R	31	5206	1470	653	29	30	31	1	-26	28	1	36	9
R	31	524D	1503	653	29	31	31	1	-27	28	1	36	9
R	31	5468	1536	653	27	29	31	1	-25	28	1	36	9
R	31	56F4	1567	653	27	29	31	2	-25	28	1	36	9
R	31	5747	1598	653	28	31	31	1	-27	28	1	36	9
R	31	5929	1630	653	29	28	31	1	-24	28	1	36	9
R	31	5C0F	1663	653	30	30	31	1	-26	28	1	36	9
R	31	5E74	1697	653	29	31	31	1	-27	28	1	36	9
R	31	5EA6	1730	653	29	31	31	1	-27	28	1	36	9
R	31	5F53	1763	653	25	31	31	3	-27	28	1	36	9
R	31	5F55	1792	653	28	29	31	2	-25	28	1	36	9
R	31	603B	1824	653	29	30	31	1	-27	28	1	36	9
R	31	60C5	1857	653	30	31	31	0	-27	28	1	36	9
R	31	6309	1891	653	30	31	31	0	-27	28	1	36	9
R	31	6570	1925	653	30	31	31	1	-27	28	1	36	9
R	31	65E0	1959	653	29	28	31	1	-24	28	1	36	9
R	31	65E5	1992	653	21	27	31	5	-24	28	1	36	9
R	31	65F6	4	692	28	29	31	2	-26	28	1	36	9
R	31	6682	36	692	29	31	31	1	-27	28	1	36	9
R	31	6708	69	692	26	29	31	0	-25	28	1	36	9
R	31	672C	99	692	29	31	31	1	-27	28	1	36	9
R	31	6EE1	132	692	29	31	31	1	-27	28	1	36	9
R	31	7684	165	692	27	31	31	2	-27	28	1	36	9
R	31	79D2	196	692	30	31	31	0	-27	28	1	36	9
R	31	7B2C	230	692	29	31	31	1	-27	28	1	36	9
R	31	7C4D	263	692	29	31	31	1	-27	28	1	36	9
R	31	8303	296	692	29	31	31	1	-27	28	1	36	9
R	31	8BB0	329	692	29	29	31	1	-26	28	1	36	9
R	31	8BE6	362	692	29	31	31	1	-27	28	1	36	9
R	31	8BFB	395	692	29	31	31	1	-27	28	1	36	9
R	31	8FD1	428	692	29	30	31	1	-27	28	1	36	9
R	31	8FDB	461	692	29	29	31	1	-26	28	1	36	9
R	31	949F	494	692	29	31	31	1	-27	28	1	36	9
R	31	957F	527	692	29	30	31	1	-27	28	1	36	9
R	31	9605	560	692	27	30	31	2	-26	28	1	36	9
R	31	9875	591	692	28	29	31	1	-25	28	1	36	9
R	31	FF0C	623	692	7	12	31	4	-7	28	1	36	9
B	31	20	634	692	1	1	7	0	0	28	0	36	9
B	31	21	639	692	8	26	10	1	-25	28	1	36	9
B	31	22	651	692	12	11	15	1	-25	28	1	36	9
B	31	23	667	692	18	25	17	0	-24	28	1	36	9
B	31	24	689	692	17	32	17	0	-27	28	1	36	9
B	31	25	710	692	29	25	29	0	-24	28	1	36	9
B	31	26	743	692	22	25	21	0	-24	28	1	36	9
B	31	27	769	692	6	11	9	1	-25	28	1	36	9
B	31	28	779	692	10	34	10	1	-27	28	1	36	9
B	31	29	793	692	9	34	10	0	-27	28	1	36	9
B	31	2A	806	692	13	13	14	1	-26	28	1	36	9
B	31	2B	823	692	18	18	17	0	-20	28	1	36	9
B	31	2C	845	692	8	12	9	0	-5	28	1	36	9
B	31	2D	857	692	11	5	11	0	-11	28	1	36	9
B	31	2E	872	692	7	7	9	1	-6	28	1	36	9
B	31	2F	883	692	14	33	12	-1	-26	28	1	36	9
B	31	30	901	692	17	25	17	0	-24	28	1	36	9
B	31	31	922	692	16	25	17	1	-24	28	1	36	9
B	31	32	942	692	17	25	17	0	-24	28	1	36	9
B	31	33	963	692	18	25	17	-1	-24	28	1	36	9
B	31	34	985	692	19	25	17	-1	-24	28	1	36	9
B	31	35	1008	692	18	25	17	-1	-24	28	1	36	9
B	31	36	1030	692	17	25	17	0	-24	28	1	36	9
B	31	37	1051	692	17	25	17	0	-24	28	1	36	9
B	31	38	1072	692	17	25	17	0	-24	28	1	36	9
B	31	39	1093	692	17	25	17	0	-24	28	1	36	9
B	31	3A	1114	692	7	19	9	1	-18	28	1	36	9
B	31	3B	1125	692	8	25	9	0	-18	28	1	36	9
B	31	3C	1137	692	18	16	17	0	-20	28	1	36	9
B	31	3D	1159	692	18	13	17	0	-18	28	1	36	9
B	31	3E	1181	692	18	16	17	0	-20	28	1	36	9
B	31	3F	1203	692	15	26	15	0	-25	28	1	36	9
B	31	40	1222	692	29	29	29	0	-23	28	1	36	9
B	31	41	1255	692	21	25	19	-1	-24	28	1	36	9
B	31	42	1280	692	18	25	20	2	-24	28	1	36	9
B	31	43	1302	692	20	25	20	0	-24	28	1	36	9
B	31	44	1326	692	19	25	21	2	-24	28	1	36	9
B	31	45	1349	692	16	25	18	2	-24	28	1	36	9
B	31	46	1369	692	16	25	17	2	-24	28	1	36	9
B	31	47	1389	692	21	25	21	0	-24	28	1	36	9
B	31	48	1414	692	19	25	23	2	-24	28	1	36	9
B	31	49	1437	692	5	25	9	2	-24	28	1	36	9
B	31	4A	1446	692	15	25	17	0	-24	28	1	36	9
B	31	4B	1465	692	19	25	20	2	-24	28	1	36	9
B	31	4C	1488	692	15	25	17	2	-24	28	1	36	9
B	31	4D	1507	692	22	25	25	2	-24	28	1	36	9
B	31	4E	1533	692	19	25	22	2	-24	28	1	36	9
B	31	4F	1556	692	23	25	23	0	-24	28	1	36	9
B	31	50	1583	692	18	25	20	2	-24	28	1	36	9
B	31	51	1605	692	23	31	23	0	-24	28	1	36	9
B	31	52	1632	692	18	25	20	2	-24	28	1	36	9
B	31	53	1654	692	19	25	18	0	-24	28	1	36	9
B	31	54	1677	692	20	25	19	-1	-24	28	1	36	9
B	31	55	1701	692	19	25	22	2	-24	28	1	36	9
B	31	56	1724	692	20	25	18	-1	-24	28	1	36	9
B	31	57	1748	692	29	25	27	-1	-24	28	1	36	9
B	31	58	1781	692	20	25	18	-1	-24	28	1	36	9
B	31	59	1805	692	19	25	16	-1	-24	28	1	36	9
B	31	5A	1828	692	19	25	19	0	-24	28	1	36	9
B	31	5B	1851	692	9	32	10	2	-26	28	1	36	9
B	31	5C	1864	692	14	33	12	-1	-26	28	1	36	9
B	31	5D	1882	692	9	32	10	0	-26	28	1	36	9
B	31	5E	1895	692	16	16	17	1	-24	28	1	36	9
B	31	5F	1915	692	19	4	17	-1	1	28	1	36	9
B	31	60	1938	692	10	10	19	3	-28	28	1	36	9
B	31	61	1952	692	16	19	17	0	-18	28	1	36	9
B	31	62	1972	692	18	27	19	1	-26	28	1	36	9
B	31	63	1994	692	16	19	16	0	-18	28	1	36	9
B	31	64	2014	692	18	27	19	0	-26	28	1	36	9
B	31	65	4	730	17	19	17	0	-18	28	1	36	9
B	31	66	25	730	12	28	10	0	-27	28	1	36	9
B	31	67	41	730	19	26	17	0	-18	28	1	36	9
B	31	68	64	730	17	27	19	1	-26	28	1	36	9
B	31	69	85	730	7	26	9	1	-25	28	1	36	9
B	31	6A	96	730	11	33	9	-3	-25	28	1	36	9
B	31	6B	111	730	17	27	17	1	-26	28	1	36	9
B	31	6C	132	730	8	28	9	1	-27	28	1	36	9
B	31	6D	144	730	27	19	29	1	-18	28	1	36	9
B	31	6E	175	730	17	19	19	1	-18	28	1	36	9
B	31	6F	196	730	19	19	19	0	-18	28	1	36	9
B	31	70	219	730	18	26	19	1	-18	28	1	36	9
B	31	71	241	730	18	26	19	0	-18	28	1	36	9
B	31	72	263	730	13	19	12	1	-18	28	1	36	9
B	31	73	280	730	15	19	15	0	-18	28	1	36	9
B	31	74	299	730	14	24	12	-1	-23	28	1	36	9
B	31	75	317	730	16	19	19	1	-18	28	1	36	9
B	31	76	337	730	18	19	16	-1	-18	28	1	36	9
B	31	77	359	730	26	19	25	-1	-18	28	1	36	9
B	31	78	389	730	17	19	15	-1	-18	28	1	36	9
B	31	79	410	730	18	26	16	-1	-18	28	1	36	9
B	31	7A	432	730	15	19	15	0	-18	28	1	36	9
B	31	7B	451	730	11	32	10	0	-26	28	1	36	9
B	31	7C	466	730	5	37	8	2	-27	28	1	36	9
B	31	7D	475	730	11	32	10	0	-26	28	1	36	9
B	31	7E	490	730	17	8	17	0	-15	28	1	36	9
B	31	4E66	511	730	31	33	31	0	-28	28	1	36	9
B	31	4ECA	546	730	31	33	31	0	-28	28	1	36	9
B	31	5171	581	730	31	32	31	0	-27	28	1	36	9
B	31	5206	616	730	31	32	31	0	-27	28	1	36	9
B	31	524D	651	730	31	33	31	0	-28	28	1	36	9
B	31	5468	686	730	29	31	31	0	-26	28	1	36	9
B	31	56F4	719	730	29	31	31	1	-26	28	1	36	9
B	31	5747	752	730	30	33	31	0	-28	28	1	36	9
B	31	5929	786	730	31	30	31	0	-25	28	1	36	9
B	31	5C0F	821	730	32	32	31	0	-27	28	1	36	9
B	31	5E74	857	730	31	33	31	0	-28	28	1	36	9
B	31	5EA6	892	730	31	33	31	0	-28	28	1	36	9
B	31	5F53	927	730	27	33	31	2	-28	28	1	36	9
B	31	5F55	958	730	30	31	31	1	-26	28	1	36	9
B	31	603B	992	730	31	32	31	0	-28	28	1	36	9
B	31	60C5	1027	730	32	33	31	-1	-28	28	1	36	9
B	31	6309	1063	730	32	33	31	-1	-28	28	1	36	9
B	31	6570	1099	730	32	33	31	0	-28	28	1	36	9
B	31	65E0	1135	730	31	30	31	0	-25	28	1	36	9
B	31	65E5	1170	730	23	29	31	4	-25	28	1	36	9
B	31	65F6	1197	730	30	31	31	1	-27	28	1	36	9
B	31	6682	1231	730	31	33	31	0	-28	28	1	36	9
B	31	6708	1266	730	28	31	31	-1	-26	28	1	36	9
B	31	672C	1298	730	31	33	31	0	-28	28	1	36	9
B	31	6EE1	1333	730	31	33	31	0	-28	28	1	36	9
B	31	7684	1368	730	29	33	31	1	-28	28	1	36	9
B	31	79D2	1401	730	32	33	31	-1	-28	28	1	36	9
B	31	7B2C	1437	730	31	33	31	0	-28	28	1	36	9
B	31	7C4D	1472	730	32	33	31	-1	-28	28	1	36	9
B	31	8303	1508	730	31	33	31	0	-28	28	1	36	9
B	31	8BB0	1543	730	31	31	31	0	-27	28	1	36	9
B	31	8BE6	1578	730	31	33	31	0	-28	28	1	36	9
B	31	8BFB	1613	730	31	33	31	0	-28	28	1	36	9
B	31	8FD1	1648	730	31	32	31	0	-28	28	1	36	9
B	31	8FDB	1683	730	31	31	31	0	-27	28	1	36	9
B	31	949F	1718	730	31	33	31	0	-28	28	1	36	9
B	31	957F	1753	730	31	32	31	0	-28	28	1	36	9
B	31	9605	1788	730	29	32	31	1	-27	28	1	36	9
B	31	9875	1821	730	30	31	31	0	-26	28	1	36	9
B	31	FF0C	1855	730	9	13	31	3	-8	28	1	36	9
R	32	20	1868	730	1	1	7	0	0	29	0	38	10
R	32	21	1873	730	5	25	10	3	-25	29	1	38	10
R	32	22	1882	730	11	10	15	2	-25	29	1	38	10
R	32	23	1897	730	16	24	18	1	-24	29	1	38	10
R	32	24	1917	730	15	31	18	1	-27	29	1	38	10
R	32	25	1936	730	28	24	29	1	-24	29	1	38	10
R	32	26	1968	730	21	24	22	1	-24	29	1	38	10
R	32	27	1993	730	4	10	9	2	-25	29	1	38	10
R	32	28	2001	730	8	33	11	2	-26	29	1	38	10
R	32	29	2013	730	7	33	11	1	-26	29	1	38	10
R	32	2A	2024	730	11	11	15	2	-26	29	1	38	10
R	32	2B	4	771	16	17	18	1	-20	29	1	38	10
R	32	2C	24	771	7	11	9	1	-5	29	1	38	10
R	32	2D	35	771	9	3	11	1	-10	29	1	38	10
R	32	2E	48	771	5	5	9	2	-5	29	1	38	10
R	32	2F	57	771	13	32	13	0	-26	29	1	38	10
R	32	30	74	771	16	24	18	1	-24	29	1	38	10
R	32	31	94	771	14	24	18	2	-24	29	1	38	10
R	32	32	112	771	16	24	18	1	-24	29	1	38	10
R	32	33	132	771	16	24	18	0	-24	29	1	38	10
R	32	34	152	771	17	24	18	0	-24	29	1	38	10
R	32	35	173	771	17	24	18	0	-24	29	1	38	10
R	32	36	194	771	16	24	18	1	-24	29	1	38	10
R	32	37	214	771	16	24	18	1	-24	29	1	38	10
R	32	38	234	771	16	24	18	1	-24	29	1	38	10
R	32	39	254	771	15	24	18	1	-24	29	1	38	10
R	32	3A	273	771	5	18	9	2	-18	29	1	38	10
R	32	3B	282	771	7	23	9	1	-17	29	1	38	10
R	32	3C	293	771	16	15	18	1	-19	29	1	38	10
R	32	3D	313	771	16	11	18	1	-17	29	1	38	10
R	32	3E	333	771	16	15	18	1	-19	29	1	38	10
R	32	3F	353	771	13	25	15	1	-25	29	1	38	10
R	32	40	370	771	28	29	30	1	-23	29	1	38	10
R	32	41	402	771	20	24	19	0	-24	29	1	38	10
R	32	42	426	771	17	24	21	3	-24	29	1	38	10
R	32	43	447	771	19	24	20	1	-24	29	1	38	10
R	32	44	470	771	18	24	22	3	-24	29	1	38	10
R	32	45	492	771	15	24	19	3	-24	29	1	38	10
R	32	46	511	771	14	24	18	3	-24	29	1	38	10
R	32	47	529	771	19	24	22	1	-24	29	1	38	10
R	32	48	552	771	18	24	23	3	-24	29	1	38	10
R	32	49	574	771	4	24	9	3	-24	29	1	38	10
R	32	4A	582	771	14	24	17	1	-24	29	1	38	10
R	32	4B	600	771	18	24	21	3	-24	29	1	38	10
R	32	4C	622	771	14	24	17	3	-24	29	1	38	10
R	32	4D	640	771	20	24	26	3	-24	29	1	38	10
R	32	4E	664	771	17	24	23	3	-24	29	1	38	10
R	32	4F	685	771	21	24	24	1	-24	29	1	38	10
R	32	50	710	771	16	24	20	3	-24	29	1	38	10
R	32	51	730	771	22	30	24	1	-24	29	1	38	10
R	32	52	756	771	17	24	20	3	-24	29	1	38	10
R	32	53	777	771	17	24	19	1	-24	29	1	38	10
R	32	54	798	771	19	24	19	0	-24	29	1	38	10
R	32	55	821	771	17	24	23	3	-24	29	1	38	10
R	32	56	842	771	19	24	18	0	-24	29	1	38	10
R	32	57	865	771	28	24	28	0	-24	29	1	38	10
R	32	58	897	771	18	24	18	0	-24	29	1	38	10
R	32	59	919	771	17	24	17	0	-24	29	1	38	10
R	32	5A	940	771	17	24	19	1	-24	29	1	38	10
R	32	5B	961	771	7	31	11	3	-25	29	1	38	10
R	32	5C	972	771	13	32	13	0	-26	29	1	38	10
R	32	5D	989	771	7	31	11	1	-25	29	1	38	10
R	32	5E	1000	771	14	14	18	2	-24	29	1	38	10
R	32	5F	1018	771	18	2	18	0	3	29	1	38	10
R	32	60	1040	771	8	8	19	4	-28	29	1	38	10
R	32	61	1052	771	15	17	18	1	-17	29	1	38	10
R	32	62	1071	771	17	25	20	2	-25	29	1	38	10
R	32	63	1092	771	15	17	16	1	-17	29	1	38	10
R	32	64	1111	771	16	25	20	1	-25	29	1	38	10
R	32	65	1131	771	16	17	18	1	-17	29	1	38	10
R	32	66	1151	771	11	26	10	1	-26	29	1	38	10
R	32	67	1166	771	17	24	18	1	-17	29	1	38	10
R	32	68	1187	771	15	25	19	2	-25	29	1	38	10
R	32	69	1206	771	5	25	9	2	-25	29	1	38	10
R	32	6A	1215	771	9	32	9	-2	-25	29	1	38	10
R	32	6B	1228	771	16	26	18	2	-26	29	1	38	10
R	32	6C	1248	771	6	26	9	2	-26	29	1	38	10
R	32	6D	1258	771	25	17	30	2	-17	29	1	38	10
R	32	6E	1287	771	15	17	20	2	-17	29	1	38	10
R	32	6F	1306	771	17	17	19	1	-17	29	1	38	10
R	32	70	1327	771	17	24	20	2	-17	29	1	38	10
R	32	71	1348	771	16	24	20	1	-17	29	1	38	10
R	32	72	1368	771	11	17	12	2	-17	29	1	38	10
R	32	73	1383	771	13	17	15	1	-17	29	1	38	10
R	32	74	1400	771	12	22	12	0	-22	29	1	38	10
R	32	75	1416	771	15	17	19	2	-17	29	1	38	10
R	32	76	1435	771	17	17	17	0	-17	29	1	38	10
R	32	77	1456	771	25	17	26	0	-17	29	1	38	10
R	32	78	1485	771	16	17	16	0	-17	29	1	38	10
R	32	79	1505	771	17	24	17	0	-17	29	1	38	10
R	32	7A	1526	771	14	17	15	1	-17	29	1	38	10
R	32	7B	1544	771	9	31	11	1	-25	29	1	38	10
R	32	7C	1557	771	3	36	9	3	-27	29	1	38	10
R	32	7D	1564	771	9	31	11	1	-25	29	1	38	10
R	32	7E	1577	771	16	6	18	1	-15	29	1	38	10
R	32	4E66	1597	771	30	32	32	1	-28	29	1	38	10
R	32	4ECA	1631	771	30	32	32	1	-28	29	1	38	10
R	32	5171	1665	771	30	31	32	1	-27	29	1	38	10
R	32	5206	1699	771	30	31	32	1	-27	29	1	38	10
R	32	524D	1733	771	30	32	32	1	-28	29	1	38	10
R	32	5468	1767	771	28	30	32	1	-26	29	1	38	10
R	32	56F4	1799	771	28	29	32	2	-26	29	1	38	10
R	32	5747	1831	771	29	32	32	1	-28	29	1	38	10
R	32	5929	1864	771	30	29	32	1	-25	29	1	38	10
R	32	5C0F	1898	771	31	31	32	1	-27	29	1	38	10
R	32	5E74	1933	771	30	32	32	1	-28	29	1	38	10
R	32	5EA6	1967	771	30	32	32	1	-28	29	1	38	10
R	32	5F53	2001	771	26	32	32	3	-28	29	1	38	10
R	32	5F55	4	811	29	30	32	2	-26	29	1	38	10
R	32	603B	37	811	30	31	32	1	-28	29	1	38	10
R	32	60C5	71	811	31	32	32	0	-28	29	1	38	10
R	32	6309	106	811	31	32	32	0	-28	29	1	38	10
R	32	6570	141	811	31	32	32	1	-28	29	1	38	10
R	32	65E0	176	811	30	29	32	1	-25	29	1	38	10
R	32	65E5	210	811	22	28	32	5	-25	29	1	38	10
R	32	65F6	236	811	29	30	32	2	-27	29	1	38	10
R	32	6682	269	811	30	32	32	1	-28	29	1	38	10
R	32	6708	303	811	27	30	32	0	-26	29	1	38	10
R	32	672C	334	811	30	32	32	1	-28	29	1	38	10
R	32	6EE1	368	811	30	32	32	1	-28	29	1	38	10
R	32	7684	402	811	28	32	32	2	-28	29	1	38	10
R	32	79D2	434	811	30	32	32	1	-28	29	1	38	10
R	32	7B2C	468	811	30	32	32	1	-28	29	1	38	10
R	32	7C4D	502	811	30	32	32	1	-28	29	1	38	10
R	32	8303	536	811	30	31	32	1	-28	29	1	38	10
R	32	8BB0	570	811	30	30	32	1	-27	29	1	38	10
R	32	8BE6	604	811	30	32	32	1	-28	29	1	38	10
R	32	8BFB	638	811	30	32	32	1	-28	29	1	38	10
R	32	8FD1	672	811	30	31	32	1	-28	29	1	38	10
R	32	8FDB	706	811	30	30	32	1	-27	29	1	38	10
R	32	949F	740	811	29	32	32	1	-28	29	1	38	10
R	32	957F	773	811	30	31	32	1	-28	29	1	38	10
R	32	9605	807	811	28	31	32	2	-27	29	1	38	10
R	32	9875	839	811	29	30	32	1	-26	29	1	38	10
R	32	FF0C	872	811	7	12	32	4	-7	29	1	38	10
B	32	20	883	811	1	1	7	0	0	29	0	38	10
B	32	21	888	811	7	27	10	2	-26	29	1	38	10
B	32	22	899	811	13	12	15	1	-26	29	1	38	10
B	32	23	916	811	18	26	18	0	-25	29	1	38	10
B	32	24	938	811	17	33	18	0	-28	29	1	38	10
B	32	25	959	811	30	26	29	0	-25	29	1	38	10
B	32	26	993	811	23	26	22	0	-25	29	1	38	10
B	32	27	1020	811	6	12	9	1	-26	29	1	38	10
B	32	28	1030	811	10	35	11	1	-27	29	1	38	10
B	32	29	1044	811	9	35	11	0	-27	29	1	38	10
B	32	2A	1057	811	13	13	15	1	-27	29	1	38	10
B	32	2B	1074	811	18	19	18	0	-21	29	1	38	10
B	32	2C	1096	811	9	13	9	0	-6	29	1	38	10
B	32	2D	1109	811	11	5	11	0	-11	29	1	38	10
B	32	2E	1124	811	7	7	9	1	-6	29	1	38	10
B	32	2F	1135	811	14	34	13	-1	-27	29	1	38	10
B	32	30	1153	811	18	26	18	0	-25	29	1	38	10
B	32	31	1175	811	16	26	18	1	-25	29	1	38	10
B	32	32	1195	811	18	26	18	0	-25	29	1	38	10
B	32	33	1217	811	18	26	18	-1	-25	29	1	38	10
B	32	34	1239	811	19	26	18	-1	-25	29	1	38	10
B	32	35	1262	811	19	26	18	-1	-25	29	1	38	10
B	32	36	1285	811	18	26	18	0	-25	29	1	38	10
B	32	37	1307	811	18	26	18	0	-25	29	1	38	10
B	32	38	1329	811	18	26	18	0	-25	29	1	38	10
B	32	39	1351	811	17	26	18	0	-25	29	1	38	10
B	32	3A	1372	811	7	20	9	1	-19	29	1	38	10
B	32	3B	1383	811	9	25	9	0	-18	29	1	38	10
B	32	3C	1396	811	18	17	18	0	-20	29	1	38	10
B	32	3D	1418	811	18	13	18	0	-18	29	1	38	10
B	32	3E	1440	811	18	17	18	0	-20	29	1	38	10
B	32	3F	1462	811	15	27	15	0	-26	29	1	38	10
B	32	40	1481	811	30	31	30	0	-24	29	1	38	10
B	32	41	1515	811	22	26	19	-1	-25	29	1	38	10
B	32	42	1541	811	19	26	21	2	-25	29	1	38	10
B	32	43	1564	811	21	26	20	0	-25	29	1	38	10
B	32	44	1589	811	20	26	22	2	-25	29	1	38	10
B	32	45	1613	811	17	26	19	2	-25	29	1	38	10
B	32	46	1634	811	16	26	18	2	-25	29	1	38	10
B	32	47	1654	811	21	26	22	0	-25	29	1	38	10
B	32	48	1679	811	20	26	23	2	-25	29	1	38	10
B	32	49	1703	811	6	26	9	2	-25	29	1	38	10
B	32	4A	1713	811	16	26	17	0	-25	29	1	38	10
B	32	4B	1733	811	20	26	21	2	-25	29	1	38	10
B	32	4C	1757	811	16	26	17	2	-25	29	1	38	10
B	32	4D	1777	811	22	26	26	2	-25	29	1	38	10
B	32	4E	1803	811	19	26	23	2	-25	29	1	38	10
B	32	4F	1826	811	23	26	24	0	-25	29	1	38	10
B	32	50	1853	811	18	26	20	2	-25	29	1	38	10
B	32	51	1875	811	24	32	24	0	-25	29	1	38	10
B	32	52	1903	811	19	26	20	2	-25	29	1	38	10
B	32	53	1926	811	19	26	19	0	-25	29	1	38	10
B	32	54	1949	811	21	26	19	-1	-25	29	1	38	10
B	32	55	1974	811	19	26	23	2	-25	29	1	38	10
B	32	56	1997	811	21	26	18	-1	-25	29	1	38	10
B	32	57	4	850	30	26	28	-1	-25	29	1	38	10
B	32	58	38	850	20	26	18	-1	-25	29	1	38	10
B	32	59	62	850	20	26	17	-2	-25	29	1	38	10
B	32	5A	86	850	19	26	19	0	-25	29	1	38	10
B	32	5B	109	850	9	33	11	2	-26	29	1	38	10
B	32	5C	122	850	15	34	13	-1	-27	29	1	38	10
B	32	5D	141	850	9	33	11	0	-26	29	1	38	10
B	32	5E	154	850	16	16	18	1	-25	29	1	38	10
B	32	5F	174	850	20	4	18	-1	2	29	1	38	10
B	32	60	198	850	10	10	19	3	-29	29	1	38	10
B	32	61	212	850	17	19	18	0	-18	29	1	38	10
B	32	62	233	850	19	27	20	1	-26	29	1	38	10
B	32	63	256	850	17	19	16	0	-18	29	1	38	10
B	32	64	277	850	18	27	20	0	-26	29	1	38	10
B	32	65	299	850	18	19	18	0	-18	29	1	38	10
B	32	66	321	850	13	28	10	0	-27	29	1	38	10
B	32	67	338	850	19	26	18	0	-18	29	1	38	10
B	32	68	361	850	17	27	19	1	-26	29	1	38	10
B	32	69	382	850	7	27	9	1	-26	29	1	38	10
B	32	6A	393	850	11	34	9	-3	-26	29	1	38	10
B	32	6B	408	850	18	28	18	1	-27	29	1	38	10
B	32	6C	430	850	8	28	9	1	-27	29	1	38	10
B	32	6D	442	850	27	19	30	1	-18	29	1	38	10
B	32	6E	473	850	17	19	20	1	-18	29	1	38	10
B	32	6F	494	850	19	19	19	0	-18	29	1	38	10
B	32	70	517	850	19	26	20	1	-18	29	1	38	10
B	32	71	540	850	18	26	20	0	-18	29	1	38	10
B	32	72	562	850	13	19	12	1	-18	29	1	38	10
B	32	73	579	850	15	19	15	0	-18	29	1	38	10
B	32	74	598	850	14	24	12	-1	-23	29	1	38	10
B	32	75	616	850	17	19	19	1	-18	29	1	38	10
B	32	76	637	850	19	19	17	-1	-18	29	1	38	10
B	32	77	660	850	27	19	26	-1	-18	29	1	38	10
B	32	78	691	850	18	19	16	-1	-18	29	1	38	10
B	32	79	713	850	19	26	17	-1	-18	29	1	38	10
B	32	7A	736	850	16	19	15	0	-18	29	1	38	10
B	32	7B	756	850	11	33	11	0	-26	29	1	38	10
B	32	7C	771	850	5	38	9	2	-28	29	1	38	10
B	32	7D	780	850	11	33	11	0	-26	29	1	38	10
B	32	7E	795	850	18	8	18	0	-16	29	1	38	10
B	32	4E66	817	850	32	34	32	0	-29	29	1	38	10
B	32	4ECA	853	850	32	34	32	0	-29	29	1	38	10
B	32	5171	889	850	32	33	32	0	-28	29	1	38	10
B	32	5206	925	850	32	33	32	0	-28	29	1	38	10
B	32	524D	961	850	32	34	32	0	-29	29	1	38	10
B	32	5468	997	850	30	32	32	0	-27	29	1	38	10
B	32	56F4	1031	850	30	31	32	1	-27	29	1	38	10
B	32	5747	1065	850	31	34	32	0	-29	29	1	38	10
B	32	5929	1100	850	32	31	32	0	-26	29	1	38	10
B	32	5C0F	1136	850	33	33	32	0	-28	29	1	38	10
B	32	5E74	1173	850	32	34	32	0	-29	29	1	38	10
B	32	5EA6	1209	850	32	34	32	0	-29	29	1	38	10
B	32	5F53	1245	850	28	34	32	2	-29	29	1	38	10
B	32	5F55	1277	850	31	32	32	1	-27	29	1	38	10
B	32	603B	1312	850	32	33	32	0	-29	29	1	38	10
B	32	60C5	1348	850	33	34	32	-1	-29	29	1	38	10
B	32	6309	1385	850	32	34	32	0	-29	29	1	38	10
B	32	6570	1421	850	33	34	32	0	-29	29	1	38	10
B	32	65E0	1458	850	32	31	32	0	-26	29	1	38	10
B	32	65E5	1494	850	24	30	32	4	-26	29	1	38	10
B	32	65F6	1522	850	31	32	32	1	-28	29	1	38	10
B	32	6682	1557	850	32	34	32	0	-29	29	1	38	10
B	32	6708	1593	850	29	32	32	-1	-27	29	1	38	10
B	32	672C	1626	850	32	34	32	0	-29	29	1	38	10
B	32	6EE1	1662	850	32	34	32	0	-29	29	1	38	10
B	32	7684	1698	850	30	34	32	1	-29	29	1	38	10
B	32	79D2	1732	850	33	34	32	-1	-29	29	1	38	10
B	32	7B2C	1769	850	32	34	32	0	-29	29	1	38	10
B	32	7C4D	1805	850	32	34	32	0	-29	29	1	38	10
B	32	8303	1841	850	32	33	32	0	-29	29	1	38	10
B	32	8BB0	1877	850	32	32	32	0	-28	29	1	38	10
B	32	8BE6	1913	850	32	34	32	0	-29	29	1	38	10
B	32	8BFB	1949	850	32	34	32	0	-29	29	1	38	10
B	32	8FD1	1985	850	32	33	32	0	-29	29	1	38	10
B	32	8FDB	4	892	32	32	32	0	-28	29	1	38	10
B	32	949F	40	892	31	34	32	0	-29	29	1	38	10
B	32	957F	75	892	32	33	32	0	-29	29	1	38	10
B	32	9605	111	892	30	33	32	1	-28	29	1	38	10
B	32	9875	145	892	31	32	32	0	-27	29	1	38	10
B	32	FF0C	180	892	9	13	32	3	-8	29	1	38	10
R	34	20	193	892	1	1	8	0	0	31	0	40	10
R	34	21	198	892	5	26	11	3	-26	31	1	40	10
R	34	22	207	892	11	10	16	3	-26	31	1	40	10
R	34	23	222	892	17	25	19	1	-25	31	1	40	10
R	34	24	243	892	15	33	19	2	-29	31	1	40	10
R	34	25	262	892	29	25	31	1	-25	31	1	40	10
R	34	26	295	892	22	25	23	1	-25	31	1	40	10
R	34	27	321	892	4	10	9	3	-26	31	1	40	10
R	34	28	329	892	7	35	11	3	-28	31	1	40	10
R	34	29	340	892	8	35	11	1	-28	31	1	40	10
R	34	2A	352	892	12	12	16	2	-28	31	1	40	10
R	34	2B	368	892	17	18	19	1	-22	31	1	40	10
R	34	2C	389	892	7	12	9	1	-5	31	1	40	10
R	34	2D	400	892	10	3	12	1	-11	31	1	40	10
R	34	2E	414	892	5	5	9	2	-5	31	1	40	10
R	34	2F	423	892	13	34	13	0	-27	31	1	40	10
R	34	30	440	892	17	25	19	1	-25	31	1	40	10
R	34	31	461	892	15	25	19	2	-25	31	1	40	10
R	34	32	480	892	17	25	19	1	-25	31	1	40	10
R	34	33	501	892	16	25	19	1	-25	31	1	40	10
R	34	34	521	892	18	25	19	0	-25	31	1	40	10
R	34	35	543	892	18	25	19	0	-25	31	1	40	10
R	34	36	565	892	17	25	19	1	-25	31	1	40	10
R	34	37	586	892	17	25	19	1	-25	31	1	40	10
R	34	38	607	892	17	25	19	1	-25	31	1	40	10
R	34	39	628	892	17	25	19	1	-25	31	1	40	10
R	34	3A	649	892	5	19	9	2	-19	31	1	40	10
R	34	3B	658	892	7	25	9	1	-18	31	1	40	10
R	34	3C	669	892	17	16	19	1	-21	31	1	40	10
R	34	3D	690	892	17	11	19	1	-18	31	1	40	10
R	34	3E	711	892	17	16	19	1	-21	31	1	40	10
R	34	3F	732	892	14	27	16	1	-27	31	1	40	10
R	34	40	750	892	30	31	32	1	-25	31	1	40	10
R	34	41	784	892	21	25	21	0	-25	31	1	40	10
R	34	42	809	892	18	25	22	3	-25	31	1	40	10
R	34	43	831	892	20	25	22	1	-25	31	1	40	10
R	34	44	855	892	19	25	23	3	-25	31	1	40	10
R	34	45	878	892	16	25	20	3	-25	31	1	40	10
R	34	46	898	892	15	25	19	3	-25	31	1	40	10
R	34	47	917	892	20	25	23	1	-25	31	1	40	10
R	34	48	941	892	19	25	25	3	-25	31	1	40	10
R	34	49	964	892	4	25	10	3	-25	31	1	40	10
R	34	4A	972	892	14	25	18	1	-25	31	1	40	10
R	34	4B	990	892	19	25	22	3	-25	31	1	40	10
R	34	4C	1013	892	15	25	18	3	-25	31	1	40	10
R	34	4D	1032	892	22	25	28	3	-25	31	1	40	10
R	34	4E	1058	892	19	25	25	3	-25	31	1	40	10
R	34	4F	1081	892	23	25	25	1	-25	31	1	40	10
R	34	50	1108	892	17	25	22	3	-25	31	1	40	10
R	34	51	1129	892	23	31	25	1	-25	31	1	40	10
R	34	52	1156	892	18	25	22	3	-25	31	1	40	10
R	34	53	1178	892	18	25	20	1	-25	31	1	40	10
R	34	54	1200	892	19	25	20	1	-25	31	1	40	10
R	34	55	1223	892	19	25	25	3	-25	31	1	40	10
R	34	56	1246	892	20	25	20	0	-25	31	1	40	10
R	34	57	1270	892	29	25	30	0	-25	31	1	40	10
R	34	58	1303	892	19	25	19	0	-25	31	1	40	10
R	34	59	1326	892	19	25	18	0	-25	31	1	40	10
R	34	5A	1349	892	18	25	21	1	-25	31	1	40	10
R	34	5B	1371	892	8	33	11	3	-27	31	1	40	10
R	34	5C	1383	892	13	34	13	0	-27	31	1	40	10
R	34	5D	1400	892	7	33	11	1	-27	31	1	40	10
R	34	5E	1411	892	15	15	19	2	-26	31	1	40	10
R	34	5F	1430	892	19	3	19	0	2	31	1	40	10
R	34	60	1453	892	9	8	21	4	-30	31	1	40	10
R	34	61	1466	892	15	19	19	2	-19	31	1	40	10
R	34	62	1485	892	17	28	21	3	-28	31	1	40	10
R	34	63	1506	892	16	19	17	1	-19	31	1	40	10
R	34	64	1526	892	17	28	21	1	-28	31	1	40	10
R	34	65	1547	892	17	19	19	1	-19	31	1	40	10
R	34	66	1568	892	12	28	11	1	-28	31	1	40	10
R	34	67	1584	892	18	27	19	1	-19	31	1	40	10
R	34	68	1606	892	15	28	21	3	-28	31	1	40	10
R	34	69	1625	892	5	27	9	2	-27	31	1	40	10
R	34	6A	1634	892	9	35	9	-2	-27	31	1	40	10
R	34	6B	1647	892	16	28	19	3	-28	31	1	40	10
R	34	6C	1667	892	6	28	10	3	-28	31	1	40	10
R	34	6D	1677	892	26	19	31	3	-19	31	1	40	10
R	34	6E	1707	892	15	19	21	3	-19	31	1	40	10
R	34	6F	1726	892	18	19	21	1	-19	31	1	40	10
R	34	70	1748	892	17	27	21	3	-19	31	1	40	10
R	34	71	1769	892	17	27	21	1	-19	31	1	40	10
R	34	72	1790	892	11	19	13	3	-19	31	1	40	10
R	34	73	1805	892	14	19	16	1	-19	31	1	40	10
R	34	74	1823	892	13	25	13	0	-25	31	1	40	10
R	34	75	1840	892	16	19	21	2	-19	31	1	40	10
R	34	76	1860	892	18	19	18	0	-19	31	1	40	10
R	34	77	1882	892	27	19	27	0	-19	31	1	40	10
R	34	78	1913	892	17	19	17	0	-19	31	1	40	10
R	34	79	1934	892	18	27	18	0	-19	31	1	40	10
R	34	7A	1956	892	15	19	16	1	-19	31	1	40	10
R	34	7B	1975	892	10	33	11	1	-27	31	1	40	10
R	34	7C	1989	892	3	38	9	3	-29	31	1	40	10
R	34	7D	1996	892	10	33	11	1	-27	31	1	40	10
R	34	7E	2010	892	17	7	19	1	-16	31	1	40	10
R	34	4E66	4	934	31	32	34	2	-29	31	1	40	10
R	34	4ECA	39	934	32	34	34	1	-30	31	1	40	10
R	34	5171	75	934	32	33	34	1	-29	31	1	40	10
R	34	5206	111	934	32	32	34	1	-29	31	1	40	10
R	34	524D	147	934	32	34	34	1	-30	31	1	40	10
R	34	5468	183	934	29	32	34	1	-28	31	1	40	10
R	34	56F4	216	934	30	31	34	2	-28	31	1	40	10
R	34	5747	250	934	31	34	34	1	-30	31	1	40	10
R	34	5929	285	934	32	30	34	1	-27	31	1	40	10
R	34	5C0F	321	934	33	33	34	1	-29	31	1	40	10
R	34	5E74	358	934	32	34	34	1	-30	31	1	40	10
R	34	5EA6	394	934	32	34	34	1	-30	31	1	40	10
R	34	5F53	430	934	27	34	34	3	-30	31	1	40	10
R	34	5F55	461	934	31	32	34	2	-28	31	1	40	10
R	34	603B	496	934	32	32	34	1	-29	31	1	40	10
R	34	60C5	532	934	33	33	34	0	-29	31	1	40	10
R	34	6309	569	934	32	34	34	1	-30	31	1	40	10
R	34	6570	605	934	32	34	34	1	-30	31	1	40	10
R	34	65E0	641	934	32	30	34	1	-27	31	1	40	10
R	34	65E5	677	934	24	30	34	5	-27	31	1	40	10
R	34	65F6	705	934	31	32	34	2	-29	31	1	40	10
R	34	6682	740	934	32	34	34	1	-30	31	1	40	10
R	34	6708	776	934	27	31	34	1	-27	31	1	40	10
R	34	672C	807	934	32	34	34	1	-30	31	1	40	10
R	34	6EE1	843	934	32	33	34	1	-30	31	1	40	10
R	34	7684	879	934	30	33	34	2	-30	31	1	40	10
R	34	79D2	913	934	32	34	34	1	-30	31	1	40	10
R	34	7B2C	949	934	32	33	34	1	-30	31	1	40	10
R	34	7C4D	985	934	31	34	34	1	-30	31	1	40	10
R	34	8303	1020	934	32	33	34	1	-30	31	1	40	10
R	34	8BB0	1056	934	32	32	34	1	-29	31	1	40	10
R	34	8BE6	1092	934	32	34	34	1	-30	31	1	40	10
R	34	8BFB	1128	934	32	34	34	1	-30	31	1	40	10
R	34	8FD1	1164	934	32	33	34	1	-30	31	1	40	10
R	34	8FDB	1200	934	32	32	34	1	-29	31	1	40	10
R	34	949F	1236	934	31	33	34	1	-29	31	1	40	10
R	34	957F	1271	934	32	32	34	1	-29	31	1	40	10
R	34	9605	1307	934	28	33	34	3	-29	31	1	40	10
R	34	9875	1339	934	31	31	34	1	-27	31	1	40	10
R	34	FF0C	1374	934	8	12	34	4	-8	31	1	40	10
B	34	20	1386	934	1	1	8	0	0	31	0	40	10
B	34	21	1391	934	7	28	11	2	-27	31	1	40	10
B	34	22	1402	934	13	12	16	2	-27	31	1	40	10
B	34	23	1419	934	19	27	19	0	-26	31	1	40	10
B	34	24	1442	934	17	35	19	1	-30	31	1	40	10
B	34	25	1463	934	31	27	31	0	-26	31	1	40	10
B	34	26	1498	934	24	27	23	0	-26	31	1	40	10
B	34	27	1526	934	6	12	9	2	-27	31	1	40	10
B	34	28	1536	934	9	37	11	2	-29	31	1	40	10
B	34	29	1549	934	10	37	11	0	-29	31	1	40	10
B	34	2A	1563	934	14	14	16	1	-29	31	1	40	10
B	34	2B	1581	934	19	20	19	0	-23	31	1	40	10
B	34	2C	1604	934	9	14	9	0	-6	31	1	40	10
B	34	2D	1617	934	12	5	12	0	-12	31	1	40	10
B	34	2E	1633	934	7	7	9	1	-6	31	1	40	10
B	34	2F	1644	934	15	36	13	-1	-28	31	1	40	10
B	34	30	1663	934	19	27	19	0	-26	31	1	40	10
B	34	31	1686	934	17	27	19	1	-26	31	1	40	10
B	34	32	1707	934	19	27	19	0	-26	31	1	40	10
B	34	33	1730	934	18	27	19	0	-26	31	1	40	10
B	34	34	1752	934	20	27	19	-1	-26	31	1	40	10
B	34	35	1776	934	20	27	19	-1	-26	31	1	40	10
B	34	36	1800	934	19	27	19	0	-26	31	1	40	10
B	34	37	1823	934	19	27	19	0	-26	31	1	40	10
B	34	38	1846	934	19	27	19	0	-26	31	1	40	10
B	34	39	1869	934	19	27	19	0	-26	31	1	40	10
B	34	3A	1892	934	7	21	9	1	-20	31	1	40	10
B	34	3B	1903	934	9	27	9	0	-19	31	1	40	10
B	34	3C	1916	934	19	18	19	0	-22	31	1	40	10
B	34	3D	1939	934	19	13	19	0	-19	31	1	40	10
B	34	3E	1962	934	19	18	19	0	-22	31	1	40	10
B	34	3F	1985	934	16	29	16	0	-28	31	1	40	10
B	34	40	2005	934	32	33	32	0	-26	31	1	40	10
B	34	41	4	975	23	27	21	-1	-26	31	1	40	10
B	34	42	31	975	20	27	22	2	-26	31	1	40	10
B	34	43	55	975	22	27	22	0	-26	31	1	40	10
B	34	44	81	975	21	27	23	2	-26	31	1	40	10
B	34	45	106	975	18	27	20	2	-26	31	1	40	10
B	34	46	128	975	17	27	19	2	-26	31	1	40	10
B	34	47	149	975	22	27	23	0	-26	31	1	40	10
B	34	48	175	975	21	27	25	2	-26	31	1	40	10
B	34	49	200	975	6	27	10	2	-26	31	1	40	10
B	34	4A	210	975	16	27	18	0	-26	31	1	40	10
B	34	4B	230	975	21	27	22	2	-26	31	1	40	10
B	34	4C	255	975	17	27	18	2	-26	31	1	40	10
B	34	4D	276	975	24	27	28	2	-26	31	1	40	10
B	34	4E	304	975	21	27	25	2	-26	31	1	40	10
B	34	4F	329	975	25	27	25	0	-26	31	1	40	10
B	34	50	358	975	19	27	22	2	-26	31	1	40	10
B	34	51	381	975	25	33	25	0	-26	31	1	40	10
B	34	52	410	975	20	27	22	2	-26	31	1	40	10
B	34	53	434	975	20	27	20	0	-26	31	1	40	10
B	34	54	458	975	21	27	20	0	-26	31	1	40	10
B	34	55	483	975	21	27	25	2	-26	31	1	40	10
B	34	56	508	975	22	27	20	-1	-26	31	1	40	10
B	34	57	534	975	31	27	30	-1	-26	31	1	40	10
B	34	58	569	975	21	27	19	-1	-26	31	1	40	10
B	34	59	594	975	22	27	18	-2	-26	31	1	40	10
B	34	5A	620	975	20	27	21	0	-26	31	1	40	10
B	34	5B	644	975	10	35	11	2	-28	31	1	40	10
B	34	5C	658	975	15	36	13	-1	-28	31	1	40	10
B	34	5D	677	975	9	35	11	0	-28	31	1	40	10
B	34	5E	690	975	17	17	19	1	-27	31	1	40	10
B	34	5F	711	975	21	5	19	-1	1	31	1	40	10
B	34	60	736	975	11	10	21	3	-31	31	1	40	10
B	34	61	751	975	17	21	19	1	-20	31	1	40	10
B	34	62	772	975	19	30	21	2	-29	31	1	40	10
B	34	63	795	975	18	21	17	0	-20	31	1	40	10
B	34	64	817	975	19	30	21	0	-29	31	1	40	10
B	34	65	840	975	19	21	19	0	-20	31	1	40	10
B	34	66	863	975	14	30	11	0	-29	31	1	40	10
B	34	67	881	975	20	29	19	0	-20	31	1	40	10
B	34	68	905	975	17	30	21	2	-29	31	1	40	10
B	34	69	926	975	7	29	9	1	-28	31	1	40	10
B	34	6A	937	975	11	37	9	-3	-28	31	1	40	10
B	34	6B	952	975	18	30	19	2	-29	31	1	40	10
B	34	6C	974	975	8	30	10	2	-29	31	1	40	10
B	34	6D	986	975	28	21	31	2	-20	31	1	40	10
B	34	6E	1018	975	17	21	21	2	-20	31	1	40	10
B	34	6F	1039	975	20	21	21	0	-20	31	1	40	10
B	34	70	1063	975	19	29	21	2	-20	31	1	40	10
B	34	71	1086	975	19	29	21	0	-20	31	1	40	10
B	34	72	1109	975	13	21	13	2	-20	31	1	40	10
B	34	73	1126	975	16	21	16	0	-20	31	1	40	10
B	34	74	1146	975	15	27	13	-1	-26	31	1	40	10
B	34	75	1165	975	18	21	21	1	-20	31	1	40	10
B	34	76	1187	975	20	21	18	-1	-20	31	1	40	10
B	34	77	1211	975	29	21	27	-1	-20	31	1	40	10
B	34	78	1244	975	19	21	17	-1	-20	31	1	40	10
B	34	79	1267	975	20	29	18	-1	-20	31	1	40	10
B	34	7A	1291	975	17	21	16	0	-20	31	1	40	10
B	34	7B	1312	975	12	35	11	0	-28	31	1	40	10
B	34	7C	1328	975	5	40	9	2	-30	31	1	40	10
B	34	7D	1337	975	12	35	11	0	-28	31	1	40	10
B	34	7E	1353	975	19	9	19	0	-17	31	1	40	10
B	34	4E66	1376	975	33	34	34	1	-30	31	1	40	10
B	34	4ECA	1413	975	34	36	34	0	-31	31	1	40	10
B	34	5171	1451	975	34	35	34	0	-30	31	1	40	10
B	34	5206	1489	975	34	34	34	0	-30	31	1	40	10
B	34	524D	1527	975	34	36	34	0	-31	31	1	40	10
B	34	5468	1565	975	31	34	34	0	-29	31	1	40	10
B	34	56F4	1600	975	32	33	34	1	-29	31	1	40	10
B	34	5747	1636	975	33	35	34	0	-30	31	1	40	10
B	34	5929	1673	975	34	32	34	0	-28	31	1	40	10
B	34	5C0F	1711	975	35	35	34	0	-30	31	1	40	10
B	34	5E74	1750	975	34	36	34	0	-31	31	1	40	10
B	34	5EA6	1788	975	34	36	34	0	-31	31	1	40	10
B	34	5F53	1826	975	29	36	34	2	-31	31	1	40	10
B	34	5F55	1859	975	33	34	34	1	-29	31	1	40	10
B	34	603B	1896	975	34	34	34	0	-30	31	1	40	10
B	34	60C5	1934	975	35	35	34	-1	-30	31	1	40	10
B	34	6309	1973	975	34	36	34	0	-31	31	1	40	10
B	34	6570	4	1019	34	36	34	0	-31	31	1	40	10
B	34	65E0	42	1019	34	32	34	0	-28	31	1	40	10
B	34	65E5	80	1019	26	32	34	4	-28	31	1	40	10
B	34	65F6	110	1019	33	34	34	1	-30	31	1	40	10
B	34	6682	147	1019	34	36	34	0	-31	31	1	40	10
B	34	6708	185	1019	29	33	34	0	-28	31	1	40	10
B	34	672C	218	1019	34	36	34	0	-31	31	1	40	10
B	34	6EE1	256	1019	34	35	34	0	-31	31	1	40	10
B	34	7684	294	1019	32	35	34	1	-31	31	1	40	10
B	34	79D2	330	1019	34	36	34	0	-31	31	1	40	10
B	34	7B2C	368	1019	34	35	34	0	-31	31	1	40	10
B	34	7C4D	406	1019	33	36	34	0	-31	31	1	40	10
B	34	8303	443	1019	34	35	34	0	-31	31	1	40	10
B	34	8BB0	481	1019	34	34	34	0	-30	31	1	40	10
B	34	8BE6	519	1019	34	36	34	0	-31	31	1	40	10
B	34	8BFB	557	1019	34	36	34	0	-31	31	1	40	10
B	34	8FD1	595	1019	34	35	34	0	-31	31	1	40	10
B	34	8FDB	633	1019	34	34	34	0	-30	31	1	40	10
B	34	949F	671	1019	33	35	34	0	-30	31	1	40	10
B	34	957F	708	1019	34	34	34	0	-30	31	1	40	10
B	34	9605	746	1019	30	35	34	2	-30	31	1	40	10
B	34	9875	780	1019	33	33	34	0	-28	31	1	40	10
B	34	FF0C	817	1019	10	14	34	3	-9	31	1	40	10
R	36	20	831	1019	1	1	8	0	0	33	0	42	11
R	36	21	836	1019	6	28	12	3	-28	33	1	42	11
R	36	22	846	1019	11	11	17	3	-28	33	1	42	11
R	36	23	861	1019	18	27	20	1	-27	33	1	42	11
R	36	24	883	1019	16	35	20	2	-31	33	1	42	11
R	36	25	903	1019	31	26	33	1	-26	33	1	42	11
R	36	26	938	1019	23	26	24	1	-26	33	1	42	11
R	36	27	965	1019	4	11	10	3	-28	33	1	42	11
R	36	28	973	1019	8	37	12	3	-30	33	1	42	11
R	36	29	985	1019	8	37	12	1	-30	33	1	42	11
R	36	2A	997	1019	13	12	17	2	-29	33	1	42	11
R	36	2B	1014	1019	18	19	20	1	-23	33	1	42	11
R	36	2C	1036	1019	7	12	10	1	-5	33	1	42	11
R	36	2D	1047	1019	10	3	12	1	-12	33	1	42	11
R	36	2E	1061	1019	6	5	10	2	-5	33	1	42	11
R	36	2F	1071	1019	14	36	14	0	-29	33	1	42	11
R	36	30	1089	1019	18	26	20	1	-26	33	1	42	11
R	36	31	1111	1019	15	26	20	3	-26	33	1	42	11
R	36	32	1130	1019	18	26	20	1	-26	33	1	42	11
R	36	33	1152	1019	17	26	20	1	-26	33	1	42	11
R	36	34	1173	1019	19	26	20	0	-26	33	1	42	11
R	36	35	1196	1019	18	26	20	1	-26	33	1	42	11
R	36	36	1218	1019	17	26	20	2	-26	33	1	42	11
R	36	37	1239	1019	18	26	20	1	-26	33	1	42	11
R	36	38	1261	1019	18	26	20	1	-26	33	1	42	11
R	36	39	1283	1019	18	26	20	1	-26	33	1	42	11
R	36	3A	1305	1019	6	20	10	2	-20	33	1	42	11
R	36	3B	1315	1019	7	26	10	1	-19	33	1	42	11
R	36	3C	1326	1019	18	17	20	1	-22	33	1	42	11
R	36	3D	1348	1019	18	12	20	1	-19	33	1	42	11
R	36	3E	1370	1019	18	17	20	1	-22	33	1	42	11
R	36	3F	1392	1019	15	28	17	1	-28	33	1	42	11
R	36	40	1411	1019	30	33	34	2	-26	33	1	42	11
R	36	41	1445	1019	22	26	22	0	-26	33	1	42	11
R	36	42	1471	1019	19	26	24	3	-26	33	1	42	11
R	36	43	1494	1019	20	26	23	2	-26	33	1	42	11
R	36	44	1518	1019	20	26	25	3	-26	33	1	42	11
R	36	45	1542	1019	17	26	21	3	-26	33	1	42	11
R	36	46	1563	1019	16	26	20	3	-26	33	1	42	11
R	36	47	1583	1019	21	26	25	2	-26	33	1	42	11
R	36	48	1608	1019	20	26	26	3	-26	33	1	42	11
R	36	49	1632	1019	4	26	11	3	-26	33	1	42	11
R	36	4A	1640	1019	15	26	19	1	-26	33	1	42	11
R	36	4B	1659	1019	21	26	23	3	-26	33	1	42	11
R	36	4C	1684	1019	16	26	20	3	-26	33	1	42	11
R	36	4D	1704	1019	23	26	29	3	-26	33	1	42	11
R	36	4E	1731	1019	20	26	26	3	-26	33	1	42	11
R	36	4F	1755	1019	23	26	27	2	-26	33	1	42	11
R	36	50	1782	1019	18	26	23	3	-26	33	1	42	11
R	36	51	1804	1019	24	32	27	2	-26	33	1	42	11
R	36	52	1832	1019	19	26	23	3	-26	33	1	42	11
R	36	53	1855	1019	19	26	21	1	-26	33	1	42	11
R	36	54	1878	1019	20	26	22	1	-26	33	1	42	11
R	36	55	1902	1019	20	26	26	3	-26	33	1	42	11
R	36	56	1926	1019	21	26	21	0	-26	33	1	42	11
R	36	57	1951	1019	31	26	32	0	-26	33	1	42	11
R	36	58	1986	1019	20	26	21	0	-26	33	1	42	11
R	36	59	2010	1019	20	26	19	0	-26	33	1	42	11
R	36	5A	4	1060	19	26	22	1	-26	33	1	42	11
R	36	5B	27	1060	8	35	12	3	-29	33	1	42	11
R	36	5C	39	1060	14	36	14	0	-29	33	1	42	11
R	36	5D	57	1060	8	35	12	1	-29	33	1	42	11
R	36	5E	69	1060	16	16	20	2	-27	33	1	42	11
R	36	5F	89	1060	20	3	20	0	2	33	1	42	11
R	36	60	113	1060	9	9	22	5	-32	33	1	42	11
R	36	61	126	1060	16	20	20	2	-20	33	1	42	11
R	36	62	146	1060	18	29	22	3	-29	33	1	42	11
R	36	63	168	1060	17	20	18	1	-20	33	1	42	11
R	36	64	189	1060	18	29	22	1	-29	33	1	42	11
R	36	65	211	1060	18	20	20	1	-20	33	1	42	11
R	36	66	233	1060	12	30	12	1	-30	33	1	42	11
R	36	67	249	1060	19	28	20	1	-20	33	1	42	11
R	36	68	272	1060	16	29	22	3	-29	33	1	42	11
R	36	69	292	1060	6	29	10	2	-29	33	1	42	11
R	36	6A	302	1060	10	37	10	-2	-29	33	1	42	11
R	36	6B	316	1060	17	30	20	3	-30	33	1	42	11
R	36	6C	337	1060	6	30	10	3	-30	33	1	42	11
R	36	6D	347	1060	28	20	33	3	-20	33	1	42	11
R	36	6E	379	1060	16	20	22	3	-20	33	1	42	11
R	36	6F	399	1060	19	20	22	1	-20	33	1	42	11
R	36	70	422	1060	18	28	22	3	-20	33	1	42	11
R	36	71	444	1060	18	28	22	1	-20	33	1	42	11
R	36	72	466	1060	11	20	14	3	-20	33	1	42	11
R	36	73	481	1060	15	20	17	1	-20	33	1	42	11
R	36	74	500	1060	14	26	14	0	-26	33	1	42	11
R	36	75	518	1060	16	20	22	3	-20	33	1	42	11
R	36	76	538	1060	19	20	19	0	-20	33	1	42	11
R	36	77	561	1060	27	20	29	1	-20	33	1	42	11
R	36	78	592	1060	18	20	18	0	-20	33	1	42	11
R	36	79	614	1060	19	28	19	0	-20	33	1	42	11
R	36	7A	637	1060	16	20	17	1	-20	33	1	42	11
R	36	7B	657	1060	10	35	12	1	-29	33	1	42	11
R	36	7C	671	1060	3	41	10	3	-31	33	1	42	11
R	36	7D	678	1060	10	35	12	1	-29	33	1	42	11
R	36	7E	692	1060	18	6	20	1	-16	33	1	42	11
R	36	4E66	714	1060	33	35	36	2	-31	33	1	42	11
R	36	4ECA	751	1060	34	36	36	1	-32	33	1	42	11
R	36	5171	789	1060	34	35	36	1	-31	33	1	42	11
R	36	5206	827	1060	34	35	36	1	-31	33	1	42	11
R	36	524D	865	1060	34	36	36	1	-32	33	1	42	11
R	36	5468	903	1060	31	33	36	1	-29	33	1	42	11
R	36	56F4	938	1060	32	33	36	2	-30	33	1	42	11
R	36	5747	974	1060	33	35	36	1	-31	33	1	42	11
R	36	5929	1011	1060	34	31	36	1	-28	33	1	42	11
R	36	5C0F	1049	1060	35	35	36	1	-31	33	1	42	11
R	36	5E74	1088	1060	34	36	36	1	-32	33	1	42	11
R	36	5EA6	1126	1060	34	35	36	1	-32	33	1	42	11
R	36	5F53	1164	1060	28	36	36	4	-32	33	1	42	11
R	36	5F55	1196	1060	33	33	36	2	-30	33	1	42	11
R	36	603B	1233	1060	34	34	36	1	-31	33	1	42	11
R	36	60C5	1271	1060	34	35	36	1	-31	33	1	42	11
R	36	6309	1309	1060	34	36	36	1	-32	33	1	42	11
R	36	6570	1347	1060	34	36	36	1	-32	33	1	42	11
R	36	65E0	1385	1060	34	32	36	1	-29	33	1	42	11
R	36	65E5	1423	1060	24	32	36	6	-29	33	1	42	11
R	36	65F6	1451	1060	33	34	36	2	-31	33	1	42	11
R	36	6682	1488	1060	34	35	36	1	-31	33	1	42	11
R	36	6708	1526	1060	29	32	36	1	-29	33	1	42	11
R	36	672C	1559	1060	34	35	36	1	-31	33	1	42	11
R	36	6EE1	1597	1060	34	34	36	1	-31	33	1	42	11
R	36	7684	1635	1060	31	35	36	3	-32	33	1	42	11
R	36	79D2	1670	1060	34	34	36	1	-31	33	1	42	11
R	36	7B2C	1708	1060	34	35	36	1	-32	33	1	42	11
R	36	7C4D	1746	1060	33	36	36	1	-32	33	1	42	11
R	36	8303	1783	1060	33	35	36	2	-32	33	1	42	11
R	36	8BB0	1820	1060	34	34	36	1	-31	33	1	42	11
R	36	8BE6	1858	1060	34	35	36	1	-32	33	1	42	11
R	36	8BFB	1896	1060	34	35	36	1	-31	33	1	42	11
R	36	8FD1	1934	1060	34	35	36	1	-32	33	1	42	11
R	36	8FDB	1972	1060	34	34	36	1	-31	33	1	42	11
R	36	949F	2010	1060	33	35	36	1	-31	33	1	42	11
R	36	957F	4	1105	33	34	36	2	-31	33	1	42	11
R	36	9605	41	1105	30	34	36	3	-31	33	1	42	11
R	36	9875	75	1105	33	33	36	1	-29	33	1	42	11
R	36	FF0C	112	1105	8	13	36	4	-9	33	1	42	11
B	36	20	124	1105	1	1	8	0	0	33	0	42	11
B	36	21	129	1105	8	30	12	2	-29	33	1	42	11
B	36	22	141	1105	13	13	17	2	-29	33	1	42	11
B	36	23	158	1105	20	29	20	0	-28	33	1	42	11
B	36	24	182	1105	18	37	20	1	-32	33	1	42	11
B	36	25	204	1105	33	28	33	0	-27	33	1	42	11
B	36	26	241	1105	25	28	24	0	-27	33	1	42	11
B	36	27	270	1105	6	13	10	2	-29	33	1	42	11
B	36	28	280	1105	10	39	12	2	-31	33	1	42	11
B	36	29	294	1105	10	39	12	0	-31	33	1	42	11
B	36	2A	308	1105	15	14	17	1	-30	33	1	42	11
B	36	2B	327	1105	20	21	20	0	-24	33	1	42	11
B	36	2C	351	1105	9	14	10	0	-6	33	1	42	11
B	36	2D	364	1105	12	5	12	0	-13	33	1	42	11
B	36	2E	380	1105	8	7	10	1	-6	33	1	42	11
B	36	2F	392	1105	16	38	14	-1	-30	33	1	42	11
B	36	30	412	1105	20	28	20	0	-27	33	1	42	11
B	36	31	436	1105	17	28	20	2	-27	33	1	42	11
B	36	32	457	1105	20	28	20	0	-27	33	1	42	11
B	36	33	481	1105	19	28	20	0	-27	33	1	42	11
B	36	34	504	1105	21	28	20	-1	-27	33	1	42	11
B	36	35	529	1105	20	28	20	0	-27	33	1	42	11
B	36	36	553	1105	19	28	20	1	-27	33	1	42	11
B	36	37	576	1105	20	28	20	0	-27	33	1	42	11
B	36	38	600	1105	20	28	20	0	-27	33	1	42	11
B	36	39	624	1105	20	28	20	0	-27	33	1	42	11
B	36	3A	648	1105	8	22	10	1	-21	33	1	42	11
B	36	3B	660	1105	9	28	10	0	-20	33	1	42	11
B	36	3C	673	1105	20	19	20	0	-23	33	1	42	11
B	36	3D	697	1105	20	14	20	0	-20	33	1	42	11
B	36	3E	721	1105	20	19	20	0	-23	33	1	42	11
B	36	3F	745	1105	17	30	17	0	-29	33	1	42	11
B	36	40	766	1105	32	35	34	1	-27	33	1	42	11
B	36	41	802	1105	24	28	22	-1	-27	33	1	42	11
B	36	42	830	1105	21	28	24	2	-27	33	1	42	11
B	36	43	855	1105	22	28	23	1	-27	33	1	42	11
B	36	44	881	1105	22	28	25	2	-27	33	1	42	11
B	36	45	907	1105	19	28	21	2	-27	33	1	42	11
B	36	46	930	1105	18	28	20	2	-27	33	1	42	11
B	36	47	952	1105	23	28	25	1	-27	33	1	42	11
B	36	48	979	1105	22	28	26	2	-27	33	1	42	11
B	36	49	1005	1105	6	28	11	2	-27	33	1	42	11
B	36	4A	1015	1105	17	28	19	0	-27	33	1	42	11
B	36	4B	1036	1105	23	28	23	2	-27	33	1	42	11
B	36	4C	1063	1105	18	28	20	2	-27	33	1	42	11
B	36	4D	1085	1105	25	28	29	2	-27	33	1	42	11
B	36	4E	1114	1105	22	28	26	2	-27	33	1	42	11
B	36	4F	1140	1105	25	28	27	1	-27	33	1	42	11
B	36	50	1169	1105	20	28	23	2	-27	33	1	42	11
B	36	51	1193	1105	26	34	27	1	-27	33	1	42	11
B	36	52	1223	1105	21	28	23	2	-27	33	1	42	11
B	36	53	1248	1105	21	28	21	0	-27	33	1	42	11
B	36	54	1273	1105	22	28	22	0	-27	33	1	42	11
B	36	55	1299	1105	22	28	26	2	-27	33	1	42	11
B	36	56	1325	1105	23	28	21	-1	-27	33	1	42	11
B	36	57	1352	1105	33	28	32	-1	-27	33	1	42	11
B	36	58	1389	1105	22	28	21	-1	-27	33	1	42	11
B	36	59	1415	1105	23	28	19	-2	-27	33	1	42	11
B	36	5A	1442	1105	21	28	22	0	-27	33	1	42	11
B	36	5B	1467	1105	10	37	12	2	-30	33	1	42	11
B	36	5C	1481	1105	16	38	14	-1	-30	33	1	42	11
B	36	5D	1501	1105	10	37	12	0	-30	33	1	42	11
B	36	5E	1515	1105	18	18	20	1	-28	33	1	42	11
B	36	5F	1537	1105	22	5	20	-1	1	33	1	42	11
B	36	60	1563	1105	11	11	22	4	-33	33	1	42	11
B	36	61	1578	1105	18	22	20	1	-21	33	1	42	11
B	36	62	1600	1105	20	31	22	2	-30	33	1	42	11
B	36	63	1624	1105	19	22	18	0	-21	33	1	42	11
B	36	64	1647	1105	20	31	22	0	-30	33	1	42	11
B	36	65	1671	1105	20	22	20	0	-21	33	1	42	11
B	36	66	1695	1105	14	32	12	0	-31	33	1	42	11
B	36	67	1713	1105	21	30	20	0	-21	33	1	42	11
B	36	68	1738	1105	18	31	22	2	-30	33	1	42	11
B	36	69	1760	1105	8	31	10	1	-30	33	1	42	11
B	36	6A	1772	1105	12	39	10	-3	-30	33	1	42	11
B	36	6B	1788	1105	19	32	20	2	-31	33	1	42	11
B	36	6C	1811	1105	8	32	10	2	-31	33	1	42	11
B	36	6D	1823	1105	30	22	33	2	-21	33	1	42	11
B	36	6E	1857	1105	18	22	22	2	-21	33	1	42	11
B	36	6F	1879	1105	21	22	22	0	-21	33	1	42	11
B	36	70	1904	1105	20	30	22	2	-21	33	1	42	11
B	36	71	1928	1105	20	30	22	0	-21	33	1	42	11
B	36	72	1952	1105	13	22	14	2	-21	33	1	42	11
B	36	73	1969	1105	17	22	17	0	-21	33	1	42	11
B	36	74	1990	1105	16	28	14	-1	-27	33	1	42	11
B	36	75	2010	1105	18	22	22	2	-21	33	1	42	11
B	36	76	4	1148	21	22	19	-1	-21	33	1	42	11
B	36	77	29	1148	29	22	29	0	-21	33	1	42	11
B	36	78	62	1148	20	22	18	-1	-21	33	1	42	11
B	36	79	86	1148	21	30	19	-1	-21	33	1	42	11
B	36	7A	111	1148	18	22	17	0	-21	33	1	42	11
B	36	7B	133	1148	12	37	12	0	-30	33	1	42	11
B	36	7C	149	1148	5	43	10	2	-32	33	1	42	11
B	36	7D	158	1148	12	37	12	0	-30	33	1	42	11
B	36	7E	174	1148	20	8	20	0	-17	33	1	42	11
B	36	4E66	198	1148	35	37	36	1	-32	33	1	42	11
B	36	4ECA	237	1148	36	38	36	0	-33	33	1	42	11
B	36	5171	277	1148	36	37	36	0	-32	33	1	42	11
B	36	5206	317	1148	36	37	36	0	-32	33	1	42	11
B	36	524D	357	1148	36	38	36	0	-33	33	1	42	11
B	36	5468	397	1148	33	35	36	0	-30	33	1	42	11
B	36	56F4	434	1148	34	35	36	1	-31	33	1	42	11
B	36	5747	472	1148	35	37	36	0	-32	33	1	42	11
B	36	5929	511	1148	36	33	36	0	-29	33	1	42	11
B	36	5C0F	551	1148	37	37	36	0	-32	33	1	42	11
B	36	5E74	592	1148	36	38	36	0	-33	33	1	42	11
B	36	5EA6	632	1148	36	37	36	0	-33	33	1	42	11
B	36	5F53	672	1148	30	38	36	3	-33	33	1	42	11
B	36	5F55	706	1148	35	35	36	1	-31	33	1	42	11
B	36	603B	745	1148	36	36	36	0	-32	33	1	42	11
B	36	60C5	785	1148	36	37	36	0	-32	33	1	42	11
B	36	6309	825	1148	36	38	36	0	-33	33	1	42	11
B	36	6570	865	1148	36	38	36	0	-33	33	1	42	11
B	36	65E0	905	1148	36	34	36	0	-30	33	1	42	11
B	36	65E5	945	1148	26	34	36	5	-30	33	1	42	11
B	36	65F6	975	1148	35	36	36	1	-32	33	1	42	11
B	36	6682	1014	1148	36	37	36	0	-32	33	1	42	11
B	36	6708	1054	1148	31	34	36	0	-30	33	1	42	11
B	36	672C	1089	1148	36	37	36	0	-32	33	1	42	11
B	36	6EE1	1129	1148	36	36	36	0	-32	33	1	42	11
B	36	7684	1169	1148	33	37	36	2	-33	33	1	42	11
B	36	79D2	1206	1148	36	36	36	0	-32	33	1	42	11
B	36	7B2C	1246	1148	36	37	36	0	-33	33	1	42	11
B	36	7C4D	1286	1148	35	38	36	0	-33	33	1	42	11
B	36	8303	1325	1148	35	38	36	1	-33	33	1	42	11
B	36	8BB0	1364	1148	36	36	36	0	-32	33	1	42	11
B	36	8BE6	1404	1148	36	37	36	0	-33	33	1	42	11
B	36	8BFB	1444	1148	36	37	36	0	-32	33	1	42	11
B	36	8FD1	1484	1148	36	37	36	0	-33	33	1	42	11
B	36	8FDB	1524	1148	36	36	36	0	-32	33	1	42	11
B	36	949F	1564	1148	35	37	36	0	-32	33	1	42	11
B	36	957F	1603	1148	35	36	36	1	-32	33	1	42	11
B	36	9605	1642	1148	32	36	36	2	-32	33	1	42	11
B	36	9875	1678	1148	35	35	36	0	-30	33	1	42	11
B	36	FF0C	1717	1148	10	15	36	3	-10	33	1	42	11
R	39	20	1731	1148	1	1	9	0	0	35	0	46	12
R	39	21	1736	1148	6	30	13	3	-30	35	1	46	12
R	39	22	1746	1148	12	12	18	3	-30	35	1	46	12
R	39	23	1762	1148	20	29	22	1	-29	35	1	46	12
R	39	24	1786	1148	18	38	22	2	-33	35	1	46	12
R	39	25	1808	1148	34	29	36	1	-29	35	1	46	12
R	39	26	1846	1148	25	29	27	1	-29	35	1	46	12
R	39	27	1875	1148	5	12	11	3	-30	35	1	46	12
R	39	28	1884	1148	9	40	13	3	-32	35	1	46	12
R	39	29	1897	1148	9	40	13	1	-32	35	1	46	12
R	39	2A	1910	1148	14	13	18	2	-31	35	1	46	12
R	39	2B	1928	1148	20	21	22	1	-25	35	1	46	12
R	39	2C	1952	1148	7	13	11	2	-5	35	1	46	12
R	39	2D	1963	1148	11	3	14	1	-12	35	1	46	12
R	39	2E	1978	1148	6	6	11	2	-6	35	1	46	12
R	39	2F	1988	1148	15	38	15	0	-31	35	1	46	12
R	39	30	2007	1148	19	29	22	1	-29	35	1	46	12
R	39	31	4	1195	17	29	22	3	-29	35	1	46	12
R	39	32	25	1195	19	29	22	1	-29	35	1	46	12
R	39	33	48	1195	19	29	22	1	-29	35	1	46	12
R	39	34	71	1195	21	29	22	0	-29	35	1	46	12
R	39	35	96	1195	19	29	22	1	-29	35	1	46	12
R	39	36	119	1195	18	29	22	2	-29	35	1	46	12
R	39	37	141	1195	19	29	22	1	-29	35	1	46	12
R	39	38	164	1195	19	29	22	1	-29	35	1	46	12
R	39	39	187	1195	19	29	22	1	-29	35	1	46	12
R	39	3A	210	1195	6	21	11	2	-21	35	1	46	12
R	39	3B	220	1195	7	29	11	2	-21	35	1	46	12
R	39	3C	231	1195	20	18	22	1	-23	35	1	46	12
R	39	3D	255	1195	20	13	22	1	-21	35	1	46	12
R	39	3E	279	1195	20	18	22	1	-23	35	1	46	12
R	39	3F	303	1195	16	30	18	1	-30	35	1	46	12
R	39	40	323	1195	33	35	37	2	-28	35	1	46	12
R	39	41	360	1195	24	29	24	0	-29	35	1	46	12
R	39	42	388	1195	21	29	26	3	-29	35	1	46	12
R	39	43	413	1195	22	29	25	2	-29	35	1	46	12
R	39	44	439	1195	22	29	27	3	-29	35	1	46	12
R	39	45	465	1195	18	29	23	3	-29	35	1	46	12
R	39	46	487	1195	18	29	22	3	-29	35	1	46	12
R	39	47	509	1195	22	29	27	2	-29	35	1	46	12
R	39	48	535	1195	22	29	28	3	-29	35	1	46	12
R	39	49	561	1195	5	29	11	3	-29	35	1	46	12
R	39	4A	570	1195	17	29	21	1	-29	35	1	46	12
R	39	4B	591	1195	22	29	25	3	-29	35	1	46	12
R	39	4C	617	1195	18	29	21	3	-29	35	1	46	12
R	39	4D	639	1195	25	29	32	3	-29	35	1	46	12
R	39	4E	668	1195	22	29	28	3	-29	35	1	46	12
R	39	4F	694	1195	25	29	29	2	-29	35	1	46	12
R	39	50	723	1195	20	29	25	3	-29	35	1	46	12
R	39	51	747	1195	26	36	29	2	-29	35	1	46	12
R	39	52	777	1195	21	29	25	3	-29	35	1	46	12
R	39	53	802	1195	21	29	23	1	-29	35	1	46	12
R	39	54	827	1195	22	29	23	1	-29	35	1	46	12
R	39	55	853	1195	22	29	28	3	-29	35	1	46	12
R	39	56	879	1195	23	29	22	0	-29	35	1	46	12
R	39	57	906	1195	33	29	34	1	-29	35	1	46	12
R	39	58	943	1195	22	29	22	0	-29	35	1	46	12
R	39	59	969	1195	21	29	21	0	-29	35	1	46	12
R	39	5A	994	1195	21	29	24	1	-29	35	1	46	12
R	39	5B	1019	1195	8	38	13	4	-31	35	1	46	12
R	39	5C	1031	1195	15	38	15	0	-31	35	1	46	12
R	39	5D	1050	1195	9	38	13	1	-31	35	1	46	12
R	39	5E	1063	1195	17	18	22	2	-30	35	1	46	12
R	39	5F	1084	1195	22	3	22	0	3	35	1	46	12
R	39	60	1110	1195	10	10	24	5	-34	35	1	46	12
R	39	61	1124	1195	17	21	22	2	-21	35	1	46	12
R	39	62	1145	1195	20	31	24	3	-31	35	1	46	12
R	39	63	1169	1195	17	21	20	2	-21	35	1	46	12
R	39	64	1190	1195	19	31	24	2	-31	35	1	46	12
R	39	65	1213	1195	18	21	22	2	-21	35	1	46	12
R	39	66	1235	1195	13	31	13	1	-31	35	1	46	12
R	39	67	1252	1195	20	30	22	2	-21	35	1	46	12
R	39	68	1276	1195	18	31	24	3	-31	35	1	46	12
R	39	69	1298	1195	5	30	11	3	-30	35	1	46	12
R	39	6A	1307	1195	10	39	11	-2	-30	35	1	46	12
R	39	6B	1321	1195	19	31	22	3	-31	35	1	46	12
R	39	6C	1344	1195	7	32	11	3	-32	35	1	46	12
R	39	6D	1355	1195	30	21	36	3	-21	35	1	46	12
R	39	6E	1389	1195	18	21	24	3	-21	35	1	46	12
R	39	6F	1411	1195	20	21	24	2	-21	35	1	46	12
R	39	70	1435	1195	20	30	24	3	-21	35	1	46	12
R	39	71	1459	1195	19	30	24	2	-21	35	1	46	12
R	39	72	1482	1195	13	21	15	3	-21	35	1	46	12
R	39	73	1499	1195	16	21	18	1	-21	35	1	46	12
R	39	74	1519	1195	14	27	15	1	-27	35	1	46	12
R	39	75	1537	1195	18	21	24	3	-21	35	1	46	12
R	39	76	1559	1195	20	21	20	0	-21	35	1	46	12
R	39	77	1583	1195	30	21	31	1	-21	35	1	46	12
R	39	78	1617	1195	19	21	19	0	-21	35	1	46	12
R	39	79	1640	1195	20	30	20	0	-21	35	1	46	12
R	39	7A	1664	1195	17	21	19	1	-21	35	1	46	12
R	39	7B	1685	1195	11	38	13	1	-31	35	1	46	12
R	39	7C	1700	1195	3	44	11	4	-33	35	1	46	12
R	39	7D	1707	1195	11	38	13	1	-31	35	1	46	12
R	39	7E	1722	1195	20	7	22	1	-18	35	1	46	12
R	39	4E66	1746	1195	36	37	39	2	-33	35	1	46	12
R	39	4ECA	1786	1195	37	38	39	1	-34	35	1	46	12
R	39	5171	1827	1195	37	37	39	1	-33	35	1	46	12
R	39	5206	1868	1195	37	38	39	1	-33	35	1	46	12
R	39	524D	1909	1195	35	38	39	2	-34	35	1	46	12
R	39	5468	1948	1195	34	36	39	1	-31	35	1	46	12
R	39	56F4	1986	1195	33	35	39	3	-31	35	1	46	12
R	39	5747	4	1243	36	37	39	1	-33	35	1	46	12
R	39	5929	44	1243	37	34	39	1	-30	35	1	46	12
R	39	5C0F	85	1243	38	38	39	1	-33	35	1	46	12
R	39	5E74	127	1243	37	37	39	1	-33	35	1	46	12
R	39	5EA6	168	1243	37	38	39	1	-34	35	1	46	12
R	39	5F53	209	1243	31	37	39	4	-33	35	1	46	12
R	39	5F55	244	1243	36	35	39	2	-31	35	1	46	12
R	39	603B	284	1243	37	37	39	1	-33	35	1	46	12
R	39	60C5	325	1243	37	37	39	1	-33	35	1	46	12
R	39	6309	366	1243	37	39	39	1	-34	35	1	46	12
R	39	6570	407	1243	37	37	39	1	-33	35	1	46	12
R	39	65E0	448	1243	37	34	39	1	-30	35	1	46	12
R	39	65E5	489	1243	27	34	39	6	-30	35	1	46	12
R	39	65F6	520	1243	35	36	39	3	-33	35	1	46	12
R	39	6682	559	1243	36	38	39	2	-34	35	1	46	12
R	39	6708	599	1243	32	36	39	1	-31	35	1	46	12
R	39	672C	635	1243	37	37	39	1	-33	35	1	46	12
R	39	6EE1	676	1243	37	37	39	1	-33	35	1	46	12
R	39	7684	717	1243	34	38	39	3	-34	35	1	46	12
R	39	79D2	755	1243	37	37	39	1	-33	35	1	46	12
R	39	7B2C	796	1243	36	37	39	1	-33	35	1	46	12
R	39	7C4D	836	1243	36	39	39	1	-34	35	1	46	12
R	39	8303	876	1243	36	37	39	2	-33	35	1	46	12
R	39	8BB0	916	1243	37	35	39	1	-32	35	1	46	12
R	39	8BE6	957	1243	37	37	39	1	-33	35	1	46	12
R	39	8BFB	998	1243	37	38	39	1	-33	35	1	46	12
R	39	8FD1	1039	1243	37	37	39	1	-33	35	1	46	12
R	39	8FDB	1080	1243	37	37	39	1	-33	35	1	46	12
R	39	949F	1121	1243	36	37	39	1	-33	35	1	46	12
R	39	957F	1161	1243	36	37	39	2	-33	35	1	46	12
R	39	9605	1201	1243	33	37	39	3	-33	35	1	46	12
R	39	9875	1238	1243	35	35	39	2	-31	35	1	46	12
R	39	FF0C	1277	1243	8	14	39	5	-9	35	1	46	12
B	39	20	1289	1243	1	1	9	0	0	35	0	46	12
B	39	21	1294	1243	8	32	13	2	-31	35	1	46	12
B	39	22	1306	1243	14	14	18	2	-31	35	1	46	12
B	39	23	1324	1243	22	31	22	0	-30	35	1	46	12
B	39	24	1350	1243	20	40	22	1	-34	35	1	46	12
B	39	25	1374	1243	36	31	36	0	-30	35	1	46	12
B	39	26	1414	1243	27	31	27	0	-30	35	1	46	12
B	39	27	1445	1243	7	14	11	2	-31	35	1	46	12
B	39	28	1456	1243	11	42	13	2	-33	35	1	46	12
B	39	29	1471	1243	11	42	13	0	-33	35	1	46	12
B	39	2A	1486	1243	16	15	18	1	-32	35	1	46	12
B	39	2B	1506	1243	22	23	22	0	-26	35	1	46	12
B	39	2C	1532	1243	9	15	11	1	-6	35	1	46	12
B	39	2D	1545	1243	13	5	14	0	-13	35	1	46	12
B	39	2E	1562	1243	8	8	11	1	-7	35	1	46	12
B	39	2F	1574	1243	17	40	15	-1	-32	35	1	46	12
B	39	30	1595	1243	21	31	22	0	-30	35	1	46	12
B	39	31	1620	1243	19	31	22	2	-30	35	1	46	12
B	39	32	1643	1243	21	31	22	0	-30	35	1	46	12
B	39	33	1668	1243	21	31	22	0	-30	35	1	46	12
B	39	34	1693	1243	23	31	22	-1	-30	35	1	46	12
B	39	35	1720	1243	21	31	22	0	-30	35	1	46	12
B	39	36	1745	1243	20	31	22	1	-30	35	1	46	12
B	39	37	1769	1243	21	31	22	0	-30	35	1	46	12
B	39	38	1794	1243	21	31	22	0	-30	35	1	46	12
B	39	39	1819	1243	21	31	22	0	-30	35	1	46	12
B	39	3A	1844	1243	8	23	11	1	-22	35	1	46	12
B	39	3B	1856	1243	9	31	11	1	-22	35	1	46	12
B	39	3C	1869	1243	22	20	22	0	-24	35	1	46	12
B	39	3D	1895	1243	22	15	22	0	-22	35	1	46	12
B	39	3E	1921	1243	22	20	22	0	-24	35	1	46	12
B	39	3F	1947	1243	18	32	18	0	-31	35	1	46	12
B	39	40	1969	1243	35	37	37	1	-29	35	1	46	12
B	39	41	2008	1243	26	31	24	-1	-30	35	1	46	12
B	39	42	4	1289	23	31	26	2	-30	35	1	46	12
B	39	43	31	1289	24	31	25	1	-30	35	1	46	12
B	39	44	59	1289	24	31	27	2	-30	35	1	46	12
B	39	45	87	1289	20	31	23	2	-30	35	1	46	12
B	39	46	111	1289	20	31	22	2	-30	35	1	46	12
B	39	47	135	1289	24	31	27	1	-30	35	1	46	12
B	39	48	163	1289	24	31	28	2	-30	35	1	46	12
B	39	49	191	1289	7	31	11	2	-30	35	1	46	12
B	39	4A	202	1289	19	31	21	0	-30	35	1	46	12
B	39	4B	225	1289	24	31	25	2	-30	35	1	46	12
B	39	4C	253	1289	20	31	21	2	-30	35	1	46	12
B	39	4D	277	1289	27	31	32	2	-30	35	1	46	12
B	39	4E	308	1289	24	31	28	2	-30	35	1	46	12
B	39	4F	336	1289	27	31	29	1	-30	35	1	46	12
B	39	50	367	1289	22	31	25	2	-30	35	1	46	12
B	39	51	393	1289	28	38	29	1	-30	35	1	46	12
B	39	52	425	1289	23	31	25	2	-30	35	1	46	12
B	39	53	452	1289	23	31	23	0	-30	35	1	46	12
B	39	54	479	1289	24	31	23	0	-30	35	1	46	12
B	39	55	507	1289	24	31	28	2	-30	35	1	46	12
B	39	56	535	1289	25	31	22	-1	-30	35	1	46	12
B	39	57	564	1289	35	31	34	0	-30	35	1	46	12
B	39	58	603	1289	24	31	22	-1	-30	35	1	46	12
B	39	59	631	1289	24	31	21	-2	-30	35	1	46	12
B	39	5A	659	1289	23	31	24	0	-30	35	1	46	12
B	39	5B	686	1289	10	40	13	3	-32	35	1	46	12
B	39	5C	700	1289	17	40	15	-1	-32	35	1	46	12
B	39	5D	721	1289	11	40	13	0	-32	35	1	46	12
B	39	5E	736	1289	19	20	22	1	-31	35	1	46	12
B	39	5F	759	1289	24	5	22	-1	2	35	1	46	12
B	39	60	787	1289	12	12	24	4	-35	35	1	46	12
B	39	61	803	1289	19	23	22	1	-22	35	1	46	12
B	39	62	826	1289	22	33	24	2	-32	35	1	46	12
B	39	63	852	1289	19	23	20	1	-22	35	1	46	12
B	39	64	875	1289	21	33	24	1	-32	35	1	46	12
B	39	65	900	1289	20	23	22	1	-22	35	1	46	12
B	39	66	924	1289	15	33	13	0	-32	35	1	46	12
B	39	67	943	1289	22	32	22	1	-22	35	1	46	12
B	39	68	969	1289	20	33	24	2	-32	35	1	46	12
B	39	69	993	1289	7	32	11	2	-31	35	1	46	12
B	39	6A	1004	1289	12	41	11	-3	-31	35	1	46	12
B	39	6B	1020	1289	21	33	22	2	-32	35	1	46	12
B	39	6C	1045	1289	9	34	11	2	-33	35	1	46	12
B	39	6D	1058	1289	32	23	36	2	-22	35	1	46	12
B	39	6E	1094	1289	20	23	24	2	-22	35	1	46	12
B	39	6F	1118	1289	22	23	24	1	-22	35	1	46	12
B	39	70	1144	1289	22	32	24	2	-22	35	1	46	12
B	39	71	1170	1289	21	32	24	1	-22	35	1	46	12
B	39	72	1195	1289	15	23	15	2	-22	35	1	46	12
B	39	73	1214	1289	18	23	18	0	-22	35	1	46	12
B	39	74	1236	1289	16	29	15	0	-28	35	1	46	12
B	39	75	1256	1289	20	23	24	2	-22	35	1	46	12
B	39	76	1280	1289	22	23	20	-1	-22	35	1	46	12
B	39	77	1306	1289	32	23	31	0	-22	35	1	46	12
B	39	78	1342	1289	21	23	19	-1	-22	35	1	46	12
B	39	79	1367	1289	22	32	20	-1	-22	35	1	46	12
B	39	7A	1393	1289	19	23	19	0	-22	35	1	46	12
B	39	7B	1416	1289	13	40	13	0	-32	35	1	46	12
B	39	7C	1433	1289	5	46	11	3	-34	35	1	46	12
B	39	7D	1442	1289	13	40	13	0	-32	35	1	46	12
B	39	7E	1459	1289	22	9	22	0	-19	35	1	46	12
B	39	4E66	1485	1289	38	39	39	1	-34	35	1	46	12
B	39	4ECA	1527	1289	39	40	39	0	-35	35	1	46	12
B	39	5171	1570	1289	39	39	39	0	-34	35	1	46	12
B	39	5206	1613	1289	39	40	39	0	-34	35	1	46	12
B	39	524D	1656	1289	37	40	39	1	-35	35	1	46	12
B	39	5468	1697	1289	36	38	39	0	-32	35	1	46	12
B	39	56F4	1737	1289	35	37	39	2	-32	35	1	46	12
B	39	5747	1776	1289	38	39	39	0	-34	35	1	46	12
B	39	5929	1818	1289	39	36	39	0	-31	35	1	46	12
B	39	5C0F	1861	1289	40	40	39	0	-34	35	1	46	12
B	39	5E74	1905	1289	39	39	39	0	-34	35	1	46	12
B	39	5EA6	1948	1289	39	40	39	0	-35	35	1	46	12
B	39	5F53	1991	1289	33	39	39	3	-34	35	1	46	12
B	39	5F55	4	1339	38	37	39	1	-32	35	1	46	12
B	39	603B	46	1339	39	39	39	0	-34	35	1	46	12
B	39	60C5	89	1339	39	39	39	0	-34	35	1	46	12
B	39	6309	132	1339	39	41	39	0	-35	35	1	46	12
B	39	6570	175	1339	39	39	39	0	-34	35	1	46	12
B	39	65E0	218	1339	39	36	39	0	-31	35	1	46	12
B	39	65E5	261	1339	29	36	39	5	-31	35	1	46	12
B	39	65F6	294	1339	37	38	39	2	-34	35	1	46	12
B	39	6682	335	1339	38	39	39	1	-34	35	1	46	12
B	39	6708	377	1339	34	38	39	0	-32	35	1	46	12
B	39	672C	415	1339	39	39	39	0	-34	35	1	46	12
B	39	6EE1	458	1339	39	39	39	0	-34	35	1	46	12
B	39	7684	501	1339	36	40	39	2	-35	35	1	46	12
B	39	79D2	541	1339	39	39	39	0	-34	35	1	46	12
B	39	7B2C	584	1339	38	39	39	0	-34	35	1	46	12
B	39	7C4D	626	1339	38	41	39	0	-35	35	1	46	12
B	39	8303	668	1339	38	39	39	1	-34	35	1	46	12
B	39	8BB0	710	1339	39	37	39	0	-33	35	1	46	12
B	39	8BE6	753	1339	39	39	39	0	-34	35	1	46	12
B	39	8BFB	796	1339	39	39	39	0	-34	35	1	46	12
B	39	8FD1	839	1339	39	39	39	0	-34	35	1	46	12
B	39	8FDB	882	1339	39	39	39	0	-34	35	1	46	12
B	39	949F	925	1339	38	39	39	0	-34	35	1	46	12
B	39	957F	967	1339	38	39	39	1	-34	35	1	46	12
B	39	9605	1009	1339	35	39	39	2	-34	35	1	46	12
B	39	9875	1048	1339	38	37	39	0	-32	35	1	46	12
B	39	FF0C	1090	1339	10	16	39	4	-10	35	1	46	12
R	42	20	1104	1339	1	1	9	0	0	38	0	49	13
R	42	21	1109	1339	6	32	14	4	-31	38	1	49	13
R	42	22	1119	1339	14	13	20	3	-33	38	1	49	13
R	42	23	1137	1339	21	31	23	1	-31	38	1	49	13
R	42	24	1162	1339	19	41	23	2	-35	38	1	49	13
R	42	25	1185	1339	37	33	39	1	-32	38	1	49	13
R	42	26	1226	1339	27	33	29	1	-32	38	1	49	13
R	42	27	1257	1339	5	13	12	3	-33	38	1	49	13
R	42	28	1266	1339	10	43	14	3	-35	38	1	49	13
R	42	29	1280	1339	10	43	14	1	-35	38	1	49	13
R	42	2A	1294	1339	15	14	20	2	-34	38	1	49	13
R	42	2B	1313	1339	21	23	23	1	-27	38	1	49	13
R	42	2C	1338	1339	8	14	12	2	-6	38	1	49	13
R	42	2D	1350	1339	12	3	15	1	-13	38	1	49	13
R	42	2E	1366	1339	6	6	12	3	-5	38	1	49	13
R	42	2F	1376	1339	16	41	16	0	-33	38	1	49	13
R	42	30	1396	1339	20	33	23	2	-32	38	1	49	13
R	42	31	1420	1339	18	31	23	3	-31	38	1	49	13
R	42	32	1442	1339	21	32	23	1	-32	38	1	49	13
R	42	33	1467	1339	20	33	23	1	-32	38	1	49	13
R	42	34	1491	1339	22	31	23	0	-31	38	1	49	13
R	42	35	1517	1339	21	32	23	1	-31	38	1	49	13
R	42	36	1542	1339	20	33	23	2	-32	38	1	49	13
R	42	37	1566	1339	20	31	23	2	-31	38	1	49	13
R	42	38	1590	1339	21	33	23	1	-32	38	1	49	13
R	42	39	1615	1339	21	33	23	1	-32	38	1	49	13
R	42	3A	1640	1339	6	23	12	3	-22	38	1	49	13
R	42	3B	1650	1339	8	30	12	2	-22	38	1	49	13
R	42	3C	1662	1339	21	19	23	1	-25	38	1	49	13
R	42	3D	1687	1339	21	13	23	1	-22	38	1	49	13
R	42	3E	1712	1339	21	19	23	1	-25	38	1	49	13
R	42	3F	1737	1339	17	33	20	1	-32	38	1	49	13
R	42	40	1758	1339	36	38	40	2	-31	38	1	49	13
R	42	41	1798	1339	26	31	26	0	-31	38	1	49	13
R	42	42	1828	1339	22	31	28	4	-31	38	1	49	13
R	42	43	1854	1339	24	33	27	2	-32	38	1	49	13
R	42	44	1882	1339	23	31	29	4	-31	38	1	49	13
R	42	45	1909	1339	19	31	25	4	-31	38	1	49	13
R	42	46	1932	1339	18	31	23	4	-31	38	1	49	13
R	42	47	1954	1339	24	33	29	2	-32	38	1	49	13
R	42	48	1982	1339	23	31	31	4	-31	38	1	49	13
R	42	49	2009	1339	5	31	12	4	-31	38	1	49	13
R	42	4A	2018	1339	18	32	22	1	-31	38	1	49	13
R	42	4B	4	1386	23	31	27	4	-31	38	1	49	13
R	42	4C	31	1386	18	31	23	4	-31	38	1	49	13
R	42	4D	53	1386	26	31	34	4	-31	38	1	49	13
R	42	4E	83	1386	23	31	30	4	-31	38	1	49	13
R	42	4F	110	1386	27	33	31	2	-32	38	1	49	13
R	42	50	141	1386	21	31	27	4	-31	38	1	49	13
R	42	51	166	1386	28	41	31	2	-32	38	1	49	13
R	42	52	198	1386	22	31	27	4	-31	38	1	49	13
R	42	53	224	1386	22	33	25	2	-32	38	1	49	13
R	42	54	250	1386	23	31	25	1	-31	38	1	49	13
R	42	55	277	1386	23	32	30	4	-31	38	1	49	13
R	42	56	304	1386	25	31	24	0	-31	38	1	49	13
R	42	57	333	1386	35	31	37	1	-31	38	1	49	13
R	42	58	372	1386	24	31	24	0	-31	38	1	49	13
R	42	59	400	1386	23	31	22	0	-31	38	1	49	13
R	42	5A	427	1386	22	31	25	2	-31	38	1	49	13
R	42	5B	453	1386	9	42	14	4	-34	38	1	49	13
R	42	5C	466	1386	16	41	16	0	-33	38	1	49	13
R	42	5D	486	1386	9	42	14	1	-34	38	1	49	13
R	42	5E	499	1386	19	19	23	2	-32	38	1	49	13
R	42	5F	522	1386	23	3	23	0	3	38	1	49	13
R	42	60	549	1386	10	10	25	6	-37	38	1	49	13
R	42	61	563	1386	19	25	24	2	-24	38	1	49	13
R	42	62	586	1386	21	36	26	3	-35	38	1	49	13
R	42	63	611	1386	19	25	21	2	-24	38	1	49	13
R	42	64	634	1386	21	36	26	2	-35	38	1	49	13
R	42	65	659	1386	20	25	23	2	-24	38	1	49	13
R	42	66	683	1386	14	35	14	1	-35	38	1	49	13
R	42	67	701	1386	22	35	24	2	-24	38	1	49	13
R	42	68	727	1386	20	35	26	3	-35	38	1	49	13
R	42	69	751	1386	6	33	12	3	-33	38	1	49	13
R	42	6A	761	1386	11	44	12	-2	-33	38	1	49	13
R	42	6B	776	1386	20	34	23	3	-34	38	1	49	13
R	42	6C	800	1386	8	34	12	3	-33	38	1	49	13
R	42	6D	812	1386	33	24	39	3	-24	38	1	49	13
R	42	6E	849	1386	20	24	26	3	-24	38	1	49	13
R	42	6F	873	1386	22	25	25	2	-24	38	1	49	13
R	42	70	899	1386	21	34	26	3	-24	38	1	49	13
R	42	71	924	1386	21	34	26	2	-24	38	1	49	13
R	42	72	949	1386	14	24	16	3	-24	38	1	49	13
R	42	73	967	1386	18	25	20	1	-24	38	1	49	13
R	42	74	989	1386	15	31	16	1	-30	38	1	49	13
R	42	75	1008	1386	19	24	26	3	-23	38	1	49	13
R	42	76	1031	1386	22	23	22	0	-23	38	1	49	13
R	42	77	1057	1386	32	23	34	1	-23	38	1	49	13
R	42	78	1093	1386	21	23	21	0	-23	38	1	49	13
R	42	79	1118	1386	22	33	22	0	-23	38	1	49	13
R	42	7A	1144	1386	18	23	20	1	-23	38	1	49	13
R	42	7B	1166	1386	12	42	14	1	-34	38	1	49	13
R	42	7C	1182	1386	3	47	11	4	-35	38	1	49	13
R	42	7D	1189	1386	12	42	14	1	-34	38	1	49	13
R	42	7E	1205	1386	21	7	23	1	-19	38	1	49	13
R	42	4E66	1230	1386	38	40	42	2	-36	38	1	49	13
R	42	4ECA	1272	1386	40	40	42	1	-36	38	1	49	13
R	42	5171	1316	1386	39	40	42	2	-36	38	1	49	13
R	42	5206	1359	1386	40	39	42	1	-35	38	1	49	13
R	42	524D	1403	1386	38	40	42	2	-36	38	1	49	13
R	42	5468	1445	1386	36	39	42	1	-34	38	1	49	13
R	42	56F4	1485	1386	36	38	42	3	-34	38	1	49	13
R	42	5747	1525	1386	39	40	42	1	-36	38	1	49	13
R	42	5929	1568	1386	40	37	42	1	-33	38	1	49	13
R	42	5C0F	1612	1386	40	41	42	1	-36	38	1	49	13
R	42	5E74	1656	1386	39	40	42	2	-36	38	1	49	13
R	42	5EA6	1699	1386	40	40	42	1	-36	38	1	49	13
R	42	5F53	1743	1386	33	40	42	4	-36	38	1	49	13
R	42	5F55	1780	1386	38	38	42	2	-34	38	1	49	13
R	42	603B	1822	1386	40	39	42	1	-36	38	1	49	13
R	42	60C5	1866	1386	40	40	42	1	-36	38	1	49	13
R	42	6309	1910	1386	40	40	42	1	-36	38	1	49	13
R	42	6570	1954	1386	40	40	42	1	-36	38	1	49	13
R	42	65E0	1998	1386	40	37	42	1	-33	38	1	49	13
R	42	65E5	4	1437	28	37	42	7	-33	38	1	49	13
R	42	65F6	36	1437	38	40	42	3	-36	38	1	49	13
R	42	6682	78	1437	38	40	42	2	-36	38	1	49	13
R	42	6708	120	1437	34	38	42	1	-34	38	1	49	13
R	42	672C	158	1437	40	40	42	1	-36	38	1	49	13
R	42	6EE1	202	1437	39	40	42	1	-36	38	1	49	13
R	42	7684	245	1437	37	39	42	3	-36	38	1	49	13
R	42	79D2	286	1437	40	40	42	1	-36	38	1	49	13
R	42	7B2C	330	1437	39	40	42	1	-36	38	1	49	13
R	42	7C4D	373	1437	39	40	42	1	-36	38	1	49	13
R	42	8303	416	1437	39	40	42	2	-36	38	1	49	13
R	42	8BB0	459	1437	40	39	42	1	-35	38	1	49	13
R	42	8BE6	503	1437	40	40	42	1	-36	38	1	49	13
R	42	8BFB	547	1437	40	40	42	1	-36	38	1	49	13
R	42	8FD1	591	1437	40	40	42	1	-36	38	1	49	13
R	42	8FDB	635	1437	40	39	42	1	-35	38	1	49	13
R	42	949F	679	1437	39	40	42	1	-36	38	1	49	13
R	42	957F	722	1437	39	40	42	2	-36	38	1	49	13
R	42	9605	765	1437	36	40	42	3	-36	38	1	49	13
R	42	9875	805	1437	38	37	42	2	-33	38	1	49	13
R	42	FF0C	847	1437	9	15	42	5	-10	38	1	49	13
B	42	20	860	1437	1	1	9	0	0	38	0	49	13
B	42	21	865	1437	8	34	14	3	-32	38	1	49	13
B	42	22	877	1437	16	15	20	2	-34	38	1	49	13
B	42	23	897	1437	23	33	23	0	-32	38	1	49	13
B	42	24	924	1437	21	43	23	1	-36	38	1	49	13
B	42	25	949	1437	39	35	39	0	-33	38	1	49	13
B	42	26	992	1437	29	35	29	0	-33	38	1	49	13
B	42	27	1025	1437	7	15	12	2	-34	38	1	49	13
B	42	28	1036	1437	12	45	14	2	-36	38	1	49	13
B	42	29	1052	1437	12	45	14	0	-36	38	1	49	13
B	42	2A	1068	1437	17	16	20	1	-35	38	1	49	13
B	42	2B	1089	1437	23	25	23	0	-28	38	1	49	13
B	42	2C	1116	1437	10	16	12	1	-7	38	1	49	13
B	42	2D	1130	1437	14	5	15	0	-14	38	1	49	13
B	42	2E	1148	1437	8	8	12	2	-6	38	1	49	13
B	42	2F	1160	1437	18	43	16	-1	-34	38	1	49	13
B	42	30	1182	1437	22	35	23	1	-33	38	1	49	13
B	42	31	1208	1437	20	33	23	2	-32	38	1	49	13
B	42	32	1232	1437	23	34	23	0	-33	38	1	49	13
B	42	33	1259	1437	22	35	23	0	-33	38	1	49	13
B	42	34	1285	1437	24	33	23	-1	-32	38	1	49	13
B	42	35	1313	1437	23	34	23	0	-32	38	1	49	13
B	42	36	1340	1437	22	35	23	1	-33	38	1	49	13
B	42	37	1366	1437	22	33	23	1	-32	38	1	49	13
B	42	38	1392	1437	23	35	23	0	-33	38	1	49	13
B	42	39	1419	1437	23	35	23	0	-33	38	1	49	13
B	42	3A	1446	1437	8	25	12	2	-23	38	1	49	13
B	42	3B	1458	1437	10	32	12	1	-23	38	1	49	13
B	42	3C	1472	1437	23	21	23	0	-26	38	1	49	13
B	42	3D	1499	1437	23	15	23	0	-23	38	1	49	13
B	42	3E	1526	1437	23	21	23	0	-26	38	1	49	13
B	42	3F	1553	1437	19	35	20	0	-33	38	1	49	13
B	42	40	1576	1437	38	40	40	1	-32	38	1	49	13
B	42	41	1618	1437	28	33	26	-1	-32	38	1	49	13
B	42	42	1650	1437	24	33	28	3	-32	38	1	49	13
B	42	43	1678	1437	26	35	27	1	-33	38	1	49	13
B	42	44	1708	1437	25	33	29	3	-32	38	1	49	13
B	42	45	1737	1437	21	33	25	3	-32	38	1	49	13
B	42	46	1762	1437	20	33	23	3	-32	38	1	49	13
B	42	47	1786	1437	26	35	29	1	-33	38	1	49	13
B	42	48	1816	1437	25	33	31	3	-32	38	1	49	13
B	42	49	1845	1437	7	33	12	3	-32	38	1	49	13
B	42	4A	1856	1437	20	34	22	0	-32	38	1	49	13
B	42	4B	1880	1437	25	33	27	3	-32	38	1	49	13
B	42	4C	1909	1437	20	33	23	3	-32	38	1	49	13
B	42	4D	1933	1437	28	33	34	3	-32	38	1	49	13
B	42	4E	1965	1437	25	33	30	3	-32	38	1	49	13
B	42	4F	1994	1437	29	35	31	1	-33	38	1	49	13
B	42	50	4	1486	23	33	27	3	-32	38	1	49	13
B	42	51	31	1486	30	43	31	1	-33	38	1	49	13
B	42	52	65	1486	24	33	27	3	-32	38	1	49	13
B	42	53	93	1486	24	35	25	1	-33	38	1	49	13
B	42	54	121	1486	25	33	25	0	-32	38	1	49	13
B	42	55	150	1486	25	34	30	3	-32	38	1	49	13
B	42	56	179	1486	27	33	24	-1	-32	38	1	49	13
B	42	57	210	1486	37	33	37	0	-32	38	1	49	13
B	42	58	251	1486	26	33	24	-1	-32	38	1	49	13
B	42	59	281	1486	26	33	22	-2	-32	38	1	49	13
B	42	5A	311	1486	24	33	25	1	-32	38	1	49	13
B	42	5B	339	1486	11	44	14	3	-35	38	1	49	13
B	42	5C	354	1486	18	43	16	-1	-34	38	1	49	13
B	42	5D	376	1486	11	44	14	0	-35	38	1	49	13
B	42	5E	391	1486	21	21	23	1	-33	38	1	49	13
B	42	5F	416	1486	25	5	23	-1	2	38	1	49	13
B	42	60	445	1486	12	12	25	5	-38	38	1	49	13
B	42	61	461	1486	21	27	24	1	-25	38	1	49	13
B	42	62	486	1486	23	38	26	2	-36	38	1	49	13
B	42	63	513	1486	21	27	21	1	-25	38	1	49	13
B	42	64	538	1486	23	38	26	1	-36	38	1	49	13
B	42	65	565	1486	22	27	23	1	-25	38	1	49	13
B	42	66	591	1486	16	37	14	0	-36	38	1	49	13
B	42	67	611	1486	24	37	24	1	-25	38	1	49	13
B	42	68	639	1486	22	37	26	2	-36	38	1	49	13
B	42	69	665	1486	8	35	12	2	-34	38	1	49	13
B	42	6A	677	1486	13	46	12	-3	-34	38	1	49	13
B	42	6B	694	1486	22	36	23	2	-35	38	1	49	13
B	42	6C	720	1486	10	36	12	2	-34	38	1	49	13
B	42	6D	734	1486	35	26	39	2	-25	38	1	49	13
B	42	6E	773	1486	22	26	26	2	-25	38	1	49	13
B	42	6F	799	1486	24	27	25	1	-25	38	1	49	13
B	42	70	827	1486	23	36	26	2	-25	38	1	49	13
B	42	71	854	1486	23	36	26	1	-25	38	1	49	13
B	42	72	881	1486	16	26	16	2	-25	38	1	49	13
B	42	73	901	1486	20	27	20	0	-25	38	1	49	13
B	42	74	925	1486	17	33	16	0	-31	38	1	49	13
B	42	75	946	1486	21	26	26	2	-24	38	1	49	13
B	42	76	971	1486	24	25	22	-1	-24	38	1	49	13
B	42	77	999	1486	34	25	34	0	-24	38	1	49	13
B	42	78	1037	1486	23	25	21	-1	-24	38	1	49	13
B	42	79	1064	1486	24	35	22	-1	-24	38	1	49	13
B	42	7A	1092	1486	20	25	20	0	-24	38	1	49	13
B	42	7B	1116	1486	14	44	14	0	-35	38	1	49	13
B	42	7C	1134	1486	5	49	11	3	-36	38	1	49	13
B	42	7D	1143	1486	14	44	14	0	-35	38	1	49	13
B	42	7E	1161	1486	23	9	23	0	-20	38	1	49	13
B	42	4E66	1188	1486	40	42	42	1	-37	38	1	49	13
B	42	4ECA	1232	1486	42	42	42	0	-37	38	1	49	13
B	42	5171	1278	1486	41	42	42	1	-37	38	1	49	13
B	42	5206	1323	1486	42	41	42	0	-36	38	1	49	13
B	42	524D	1369	1486	40	42	42	1	-37	38	1	49	13
B	42	5468	1413	1486	38	41	42	0	-35	38	1	49	13
B	42	56F4	1455	1486	38	40	42	2	-35	38	1	49	13
B	42	5747	1497	1486	41	42	42	0	-37	38	1	49	13
B	42	5929	1542	1486	42	39	42	0	-34	38	1	49	13
B	42	5C0F	1588	1486	42	43	42	0	-37	38	1	49	13
B	42	5E74	1634	1486	41	42	42	1	-37	38	1	49	13
B	42	5EA6	1679	1486	42	42	42	0	-37	38	1	49	13
B	42	5F53	1725	1486	35	42	42	3	-37	38	1	49	13
B	42	5F55	1764	1486	40	40	42	1	-35	38	1	49	13
B	42	603B	1808	1486	42	41	42	0	-37	38	1	49	13
B	42	60C5	1854	1486	42	42	42	0	-37	38	1	49	13
B	42	6309	1900	1486	42	42	42	0	-37	38	1	49	13
B	42	6570	1946	1486	42	42	42	0	-37	38	1	49	13
B	42	65E0	1992	1486	42	39	42	0	-34	38	1	49	13
B	42	65E5	4	1539	30	39	42	6	-34	38	1	49	13
B	42	65F6	38	1539	40	42	42	2	-37	38	1	49	13
B	42	6682	82	1539	40	42	42	1	-37	38	1	49	13
B	42	6708	126	1539	36	40	42	0	-35	38	1	49	13
B	42	672C	166	1539	42	42	42	0	-37	38	1	49	13
B	42	6EE1	212	1539	41	42	42	0	-37	38	1	49	13
B	42	7684	257	1539	39	41	42	2	-37	38	1	49	13
B	42	79D2	300	1539	42	42	42	0	-37	38	1	49	13
B	42	7B2C	346	1539	41	42	42	0	-37	38	1	49	13
B	42	7C4D	391	1539	41	42	42	0	-37	38	1	49	13
B	42	8303	436	1539	41	42	42	1	-37	38	1	49	13
B	42	8BB0	481	1539	42	41	42	0	-36	38	1	49	13
B	42	8BE6	527	1539	42	42	42	0	-37	38	1	49	13
B	42	8BFB	573	1539	42	42	42	0	-37	38	1	49	13
B	42	8FD1	619	1539	42	42	42	0	-37	38	1	49	13
B	42	8FDB	665	1539	42	41	42	0	-36	38	1	49	13
B	42	949F	711	1539	41	42	42	0	-37	38	1	49	13
B	42	957F	756	1539	41	42	42	1	-37	38	1	49	13
B	42	9605	801	1539	38	42	42	2	-37	38	1	49	13
B	42	9875	843	1539	40	39	42	1	-34	38	1	49	13
B	42	FF0C	887	1539	11	17	42	4	-11	38	1	49	13
R	44	20	902	1539	1	1	10	0	0	40	0	52	13
R	44	21	907	1539	6	34	14	4	-33	40	1	52	13
R	44	22	917	1539	14	13	21	3	-34	40	1	52	13
R	44	23	935	1539	22	33	24	1	-33	40	1	52	13
R	44	24	961	1539	20	43	24	2	-37	40	1	52	13
R	44	25	985	1539	38	34	41	1	-33	40	1	52	13
R	44	26	1027	1539	29	34	30	1	-33	40	1	52	13
R	44	27	1060	1539	6	13	12	3	-34	40	1	52	13
R	44	28	1070	1539	9	45	15	4	-36	40	1	52	13
R	44	29	1083	1539	10	45	15	1	-36	40	1	52	13
R	44	2A	1097	1539	16	15	21	2	-35	40	1	52	13
R	44	2B	1117	1539	22	23	24	1	-28	40	1	52	13
R	44	2C	1143	1539	8	15	12	2	-6	40	1	52	13
R	44	2D	1155	1539	12	4	15	2	-14	40	1	52	13
R	44	2E	1171	1539	6	7	12	3	-6	40	1	52	13
R	44	2F	1181	1539	17	43	17	0	-35	40	1	52	13
R	44	30	1202	1539	21	34	24	2	-33	40	1	52	13
R	44	31	1227	1539	19	32	24	3	-32	40	1	52	13
R	44	32	1250	1539	22	33	24	1	-33	40	1	52	13
R	44	33	1276	1539	21	34	24	1	-33	40	1	52	13
R	44	34	1301	1539	24	32	24	0	-32	40	1	52	13
R	44	35	1329	1539	22	33	24	1	-32	40	1	52	13
R	44	36	1355	1539	21	34	24	2	-33	40	1	52	13
R	44	37	1380	1539	21	32	24	2	-32	40	1	52	13
R	44	38	1405	1539	21	34	24	2	-33	40	1	52	13
R	44	39	1430	1539	22	34	24	1	-33	40	1	52	13
R	44	3A	1456	1539	6	24	12	3	-23	40	1	52	13
R	44	3B	1466	1539	8	33	12	2	-24	40	1	52	13
R	44	3C	1478	1539	22	20	24	1	-26	40	1	52	13
R	44	3D	1504	1539	22	14	24	1	-23	40	1	52	13
R	44	3E	1530	1539	22	20	24	1	-26	40	1	52	13
R	44	3F	1556	1539	18	34	21	1	-33	40	1	52	13
R	44	40	1578	1539	38	40	42	2	-32	40	1	52	13
R	44	41	1620	1539	27	32	27	0	-32	40	1	52	13
R	44	42	1651	1539	23	32	29	4	-32	40	1	52	13
R	44	43	1678	1539	25	34	28	2	-33	40	1	52	13
R	44	44	1707	1539	24	32	30	4	-32	40	1	52	13
R	44	45	1735	1539	20	32	26	4	-32	40	1	52	13
R	44	46	1759	1539	19	32	24	4	-32	40	1	52	13
R	44	47	1782	1539	26	34	30	2	-33	40	1	52	13
R	44	48	1812	1539	24	32	32	4	-32	40	1	52	13
R	44	49	1840	1539	5	32	13	4	-32	40	1	52	13
R	44	4A	1849	1539	19	33	24	1	-32	40	1	52	13
R	44	4B	1872	1539	25	32	28	4	-32	40	1	52	13
R	44	4C	1901	1539	19	32	24	4	-32	40	1	52	13
R	44	4D	1924	1539	28	32	36	4	-32	40	1	52	13
R	44	4E	1956	1539	24	32	32	4	-32	40	1	52	13
R	44	4F	1984	1539	29	34	33	2	-33	40	1	52	13
R	44	50	2017	1539	22	32	28	4	-32	40	1	52	13
R	44	51	4	1588	29	42	33	2	-33	40	1	52	13
R	44	52	37	1588	23	32	28	4	-32	40	1	52	13
R	44	53	64	1588	23	34	26	2	-33	40	1	52	13
R	44	54	91	1588	24	32	26	1	-32	40	1	52	13
R	44	55	119	1588	24	33	32	4	-32	40	1	52	13
R	44	56	147	1588	26	32	25	0	-32	40	1	52	13
R	44	57	177	1588	37	32	39	1	-32	40	1	52	13
R	44	58	218	1588	25	32	25	0	-32	40	1	52	13
R	44	59	247	1588	24	32	23	0	-32	40	1	52	13
R	44	5A	275	1588	23	32	27	2	-32	40	1	52	13
R	44	5B	302	1588	10	43	15	4	-35	40	1	52	13
R	44	5C	316	1588	17	43	17	0	-35	40	1	52	13
R	44	5D	337	1588	10	43	15	1	-35	40	1	52	13
R	44	5E	351	1588	19	20	24	3	-33	40	1	52	13
R	44	5F	374	1588	24	3	25	0	3	40	1	52	13
R	44	60	402	1588	11	11	27	6	-39	40	1	52	13
R	44	61	417	1588	20	26	25	2	-25	40	1	52	13
R	44	62	441	1588	21	37	27	4	-36	40	1	52	13
R	44	63	466	1588	20	26	22	2	-25	40	1	52	13
R	44	64	490	1588	22	37	27	2	-36	40	1	52	13
R	44	65	516	1588	21	26	24	2	-25	40	1	52	13
R	44	66	541	1588	15	36	14	1	-36	40	1	52	13
R	44	67	560	1588	23	36	25	2	-25	40	1	52	13
R	44	68	587	1588	20	36	27	4	-36	40	1	52	13
R	44	69	611	1588	6	35	12	3	-35	40	1	52	13
R	44	6A	621	1588	11	46	12	-2	-35	40	1	52	13
R	44	6B	636	1588	20	36	24	4	-36	40	1	52	13
R	44	6C	660	1588	7	36	13	4	-35	40	1	52	13
R	44	6D	671	1588	33	25	41	4	-25	40	1	52	13
R	44	6E	708	1588	20	25	27	4	-25	40	1	52	13
R	44	6F	732	1588	23	26	27	2	-25	40	1	52	13
R	44	70	759	1588	21	35	27	4	-25	40	1	52	13
R	44	71	784	1588	22	35	27	2	-25	40	1	52	13
R	44	72	810	1588	14	25	17	4	-25	40	1	52	13
R	44	73	828	1588	18	26	21	1	-25	40	1	52	13
R	44	74	850	1588	15	32	17	1	-31	40	1	52	13
R	44	75	869	1588	20	25	27	3	-24	40	1	52	13
R	44	76	893	1588	23	24	23	0	-24	40	1	52	13
R	44	77	920	1588	34	24	35	1	-24	40	1	52	13
R	44	78	958	1588	22	24	22	0	-24	40	1	52	13
R	44	79	984	1588	23	34	23	0	-24	40	1	52	13
R	44	7A	1011	1588	19	24	21	1	-24	40	1	52	13
R	44	7B	1034	1588	13	43	15	1	-35	40	1	52	13
R	44	7C	1051	1588	4	50	12	4	-37	40	1	52	13
R	44	7D	1059	1588	13	43	15	1	-35	40	1	52	13
R	44	7E	1076	1588	22	8	24	1	-20	40	1	52	13
R	44	4E66	1102	1588	40	42	44	2	-38	40	1	52	13
R	44	4ECA	1146	1588	42	42	44	1	-38	40	1	52	13
R	44	5171	1192	1588	41	42	44	2	-38	40	1	52	13
R	44	5206	1237	1588	42	41	44	1	-37	40	1	52	13
R	44	524D	1283	1588	40	42	44	2	-38	40	1	52	13
R	44	5468	1327	1588	38	41	44	1	-36	40	1	52	13
R	44	56F4	1369	1588	38	40	44	3	-36	40	1	52	13
R	44	5747	1411	1588	40	42	44	1	-38	40	1	52	13
R	44	5929	1455	1588	42	39	44	1	-35	40	1	52	13
R	44	5C0F	1501	1588	42	42	44	1	-38	40	1	52	13
R	44	5E74	1547	1588	40	42	44	2	-38	40	1	52	13
R	44	5EA6	1591	1588	42	42	44	1	-38	40	1	52	13
R	44	5F53	1637	1588	34	42	44	5	-38	40	1	52	13
R	44	5F55	1675	1588	40	40	44	2	-36	40	1	52	13
R	44	603B	1719	1588	42	41	44	1	-38	40	1	52	13
R	44	60C5	1765	1588	42	42	44	1	-38	40	1	52	13
R	44	6309	1811	1588	42	43	44	1	-38	40	1	52	13
R	44	6570	1857	1588	42	42	44	1	-38	40	1	52	13
R	44	65E0	1903	1588	42	39	44	1	-35	40	1	52	13
R	44	65E5	1949	1588	30	39	44	7	-35	40	1	52	13
R	44	65F6	1983	1588	40	42	44	3	-38	40	1	52	13
R	44	6682	4	1642	40	42	44	2	-38	40	1	52	13
R	44	6708	48	1642	36	40	44	1	-36	40	1	52	13
R	44	672C	88	1642	42	42	44	1	-38	40	1	52	13
R	44	6EE1	134	1642	41	42	44	1	-38	40	1	52	13
R	44	7684	179	1642	38	42	44	3	-38	40	1	52	13
R	44	79D2	221	1642	41	42	44	1	-38	40	1	52	13
R	44	7B2C	266	1642	40	42	44	2	-38	40	1	52	13
R	44	7C4D	310	1642	41	42	44	1	-38	40	1	52	13
R	44	8303	355	1642	41	42	44	2	-38	40	1	52	13
R	44	8BB0	400	1642	41	40	44	2	-37	40	1	52	13
R	44	8BE6	445	1642	41	42	44	1	-38	40	1	52	13
R	44	8BFB	490	1642	42	42	44	1	-38	40	1	52	13
R	44	8FD1	536	1642	42	41	44	1	-38	40	1	52	13
R	44	8FDB	582	1642	42	40	44	1	-37	40	1	52	13
R	44	949F	628	1642	41	42	44	1	-38	40	1	52	13
R	44	957F	673	1642	41	42	44	2	-38	40	1	52	13
R	44	9605	718	1642	36	42	44	4	-38	40	1	52	13
R	44	9875	758	1642	40	40	44	2	-36	40	1	52	13
R	44	FF0C	802	1642	10	16	44	5	-11	40	1	52	13
B	44	20	816	1642	1	1	10	0	0	40	0	52	13
B	44	21	821	1642	8	36	14	3	-34	40	1	52	13
B	44	22	833	1642	16	15	21	2	-35	40	1	52	13
B	44	23	853	1642	24	35	24	0	-34	40	1	52	13
B	44	24	881	1642	22	45	24	1	-38	40	1	52	13
B	44	25	907	1642	40	36	41	0	-34	40	1	52	13
B	44	26	951	1642	31	36	30	0	-34	40	1	52	13
B	44	27	986	1642	8	15	12	2	-35	40	1	52	13
B	44	28	998	1642	11	47	15	3	-37	40	1	52	13
B	44	29	1013	1642	12	47	15	0	-37	40	1	52	13
B	44	2A	1029	1642	18	17	21	1	-36	40	1	52	13
B	44	2B	1051	1642	24	25	24	0	-29	40	1	52	13
B	44	2C	1079	1642	10	17	12	1	-7	40	1	52	13
B	44	2D	1093	1642	14	6	15	1	-15	40	1	52	13
B	44	2E	1111	1642	8	9	12	2	-7	40	1	52	13
B	44	2F	1123	1642	19	45	17	-1	-36	40	1	52	13
B	44	30	1146	1642	23	36	24	1	-34	40	1	52	13
B	44	31	1173	1642	21	34	24	2	-33	40	1	52	13
B	44	32	1198	1642	24	35	24	0	-34	40	1	52	13
B	44	33	1226	1642	23	36	24	0	-34	40	1	52	13
B	44	34	1253	1642	26	34	24	-1	-33	40	1	52	13
B	44	35	1283	1642	24	35	24	0	-33	40	1	52	13
B	44	36	1311	1642	23	36	24	1	-34	40	1	52	13
B	44	37	1338	1642	23	34	24	1	-33	40	1	52	13
B	44	38	1365	1642	23	36	24	1	-34	40	1	52	13
B	44	39	1392	1642	24	36	24	0	-34	40	1	52	13
B	44	3A	1420	1642	8	26	12	2	-24	40	1	52	13
B	44	3B	1432	1642	10	35	12	1	-25	40	1	52	13
B	44	3C	1446	1642	24	22	24	0	-27	40	1	52	13
B	44	3D	1474	1642	24	16	24	0	-24	40	1	52	13
B	44	3E	1502	1642	24	22	24	0	-27	40	1	52	13
B	44	3F	1530	1642	20	36	21	0	-34	40	1	52	13
B	44	40	1554	1642	40	42	42	1	-33	40	1	52	13
B	44	41	1598	1642	29	34	27	-1	-33	40	1	52	13
B	44	42	1631	1642	25	34	29	3	-33	40	1	52	13
B	44	43	1660	1642	27	36	28	1	-34	40	1	52	13
B	44	44	1691	1642	26	34	30	3	-33	40	1	52	13
B	44	45	1721	1642	22	34	26	3	-33	40	1	52	13
B	44	46	1747	1642	21	34	24	3	-33	40	1	52	13
B	44	47	1772	1642	28	36	30	1	-34	40	1	52	13
B	44	48	1804	1642	26	34	32	3	-33	40	1	52	13
B	44	49	1834	1642	7	34	13	3	-33	40	1	52	13
B	44	4A	1845	1642	21	35	24	0	-33	40	1	52	13
B	44	4B	1870	1642	27	34	28	3	-33	40	1	52	13
B	44	4C	1901	1642	21	34	24	3	-33	40	1	52	13
B	44	4D	1926	1642	30	34	36	3	-33	40	1	52	13
B	44	4E	1960	1642	26	34	32	3	-33	40	1	52	13
B	44	4F	1990	1642	31	36	33	1	-34	40	1	52	13
B	44	50	4	1693	24	34	28	3	-33	40	1	52	13
B	44	51	32	1693	31	44	33	1	-34	40	1	52	13
B	44	52	67	1693	25	34	28	3	-33	40	1	52	13
B	44	53	96	1693	25	36	26	1	-34	40	1	52	13
B	44	54	125	1693	26	34	26	0	-33	40	1	52	13
B	44	55	155	1693	26	35	32	3	-33	40	1	52	13
B	44	56	185	1693	28	34	25	-1	-33	40	1	52	13
B	44	57	217	1693	39	34	39	0	-33	40	1	52	13
B	44	58	260	1693	27	34	25	-1	-33	40	1	52	13
B	44	59	291	1693	27	34	23	-2	-33	40	1	52	13
B	44	5A	322	1693	25	34	27	1	-33	40	1	52	13
B	44	5B	351	1693	12	45	15	3	-36	40	1	52	13
B	44	5C	367	1693	19	45	17	-1	-36	40	1	52	13
B	44	5D	390	1693	12	45	15	0	-36	40	1	52	13
B	44	5E	406	1693	21	22	24	2	-34	40	1	52	13
B	44	5F	431	1693	26	5	25	-1	2	40	1	52	13
B	44	60	461	1693	13	13	27	5	-40	40	1	52	13
B	44	61	478	1693	22	28	25	1	-26	40	1	52	13
B	44	62	504	1693	23	39	27	3	-37	40	1	52	13
B	44	63	531	1693	22	28	22	1	-26	40	1	52	13
B	44	64	557	1693	24	39	27	1	-37	40	1	52	13
B	44	65	585	1693	23	28	24	1	-26	40	1	52	13
B	44	66	612	1693	17	38	14	0	-37	40	1	52	13
B	44	67	633	1693	25	38	25	1	-26	40	1	52	13
B	44	68	662	1693	22	38	27	3	-37	40	1	52	13
B	44	69	688	1693	8	37	12	2	-36	40	1	52	13
B	44	6A	700	1693	13	48	12	-3	-36	40	1	52	13
B	44	6B	717	1693	22	38	24	3	-37	40	1	52	13
B	44	6C	743	1693	9	38	13	3	-36	40	1	52	13
B	44	6D	756	1693	35	27	41	3	-26	40	1	52	13
B	44	6E	795	1693	22	27	27	3	-26	40	1	52	13
B	44	6F	821	1693	25	28	27	1	-26	40	1	52	13
B	44	70	850	1693	23	37	27	3	-26	40	1	52	13
B	44	71	877	1693	24	37	27	1	-26	40	1	52	13
B	44	72	905	1693	16	27	17	3	-26	40	1	52	13
B	44	73	925	1693	20	28	21	0	-26	40	1	52	13
B	44	74	949	1693	17	34	17	0	-32	40	1	52	13
B	44	75	970	1693	22	27	27	2	-25	40	1	52	13
B	44	76	996	1693	25	26	23	-1	-25	40	1	52	13
B	44	77	1025	1693	36	26	35	0	-25	40	1	52	13
B	44	78	1065	1693	24	26	22	-1	-25	40	1	52	13
B	44	79	1093	1693	25	36	23	-1	-25	40	1	52	13
B	44	7A	1122	1693	21	26	21	0	-25	40	1	52	13
B	44	7B	1147	1693	15	45	15	0	-36	40	1	52	13
B	44	7C	1166	1693	6	52	12	3	-38	40	1	52	13
B	44	7D	1176	1693	15	45	15	0	-36	40	1	52	13
B	44	7E	1195	1693	24	10	24	0	-21	40	1	52	13
B	44	4E66	1223	1693	42	44	44	1	-39	40	1	52	13
B	44	4ECA	1269	1693	44	44	44	0	-39	40	1	52	13
B	44	5171	1317	1693	43	44	44	1	-39	40	1	52	13
B	44	5206	1364	1693	44	43	44	0	-38	40	1	52	13
B	44	524D	1412	1693	42	44	44	1	-39	40	1	52	13
B	44	5468	1458	1693	40	43	44	0	-37	40	1	52	13
B	44	56F4	1502	1693	40	42	44	2	-37	40	1	52	13
B	44	5747	1546	1693	42	44	44	0	-39	40	1	52	13
B	44	5929	1592	1693	44	41	44	0	-36	40	1	52	13
B	44	5C0F	1640	1693	44	44	44	0	-39	40	1	52	13
B	44	5E74	1688	1693	42	44	44	1	-39	40	1	52	13
B	44	5EA6	1734	1693	44	44	44	0	-39	40	1	52	13
B	44	5F53	1782	1693	36	44	44	4	-39	40	1	52	13
B	44	5F55	1822	1693	42	42	44	1	-37	40	1	52	13
B	44	603B	1868	1693	44	43	44	0	-39	40	1	52	13
B	44	60C5	1916	1693	44	44	44	0	-39	40	1	52	13
B	44	6309	1964	1693	44	45	44	0	-39	40	1	52	13
B	44	6570	4	1749	44	44	44	0	-39	40	1	52	13
B	44	65E0	52	1749	44	41	44	0	-36	40	1	52	13
B	44	65E5	100	1749	32	41	44	6	-36	40	1	52	13
B	44	65F6	136	1749	42	44	44	2	-39	40	1	52	13
B	44	6682	182	1749	42	44	44	1	-39	40	1	52	13
B	44	6708	228	1749	38	42	44	0	-37	40	1	52	13
B	44	672C	270	1749	44	44	44	0	-39	40	1	52	13
B	44	6EE1	318	1749	43	44	44	0	-39	40	1	52	13
B	44	7684	365	1749	40	44	44	2	-39	40	1	52	13
B	44	79D2	409	1749	43	44	44	0	-39	40	1	52	13
B	44	7B2C	456	1749	42	44	44	1	-39	40	1	52	13
B	44	7C4D	502	1749	43	44	44	0	-39	40	1	52	13
B	44	8303	549	1749	43	44	44	1	-39	40	1	52	13
B	44	8BB0	596	1749	43	42	44	1	-38	40	1	52	13
B	44	8BE6	643	1749	43	44	44	0	-39	40	1	52	13
B	44	8BFB	690	1749	44	44	44	0	-39	40	1	52	13
B	44	8FD1	738	1749	44	43	44	0	-39	40	1	52	13
B	44	8FDB	786	1749	44	42	44	0	-38	40	1	52	13
B	44	949F	834	1749	43	44	44	0	-39	40	1	52	13
B	44	957F	881	1749	43	44	44	1	-39	40	1	52	13
B	44	9605	928	1749	38	44	44	3	-39	40	1	52	13
B	44	9875	970	1749	42	42	44	1	-37	40	1	52	13
B	44	FF0C	1016	1749	11	18	44	5	-12	40	1	52	13
R	70	20	1031	1749	1	1	16	0	0	63	0	82	21
R	70	21	1036	1749	10	54	23	6	-53	63	1	82	21
R	70	22	1050	1749	21	21	33	6	-54	63	1	82	21
R	70	23	1075	1749	35	51	39	2	-51	63	1	82	21
R	70	24	1114	1749	31	68	39	4	-59	63	1	82	21
R	70	25	1149	1749	60	53	64	2	-52	63	1	82	21
R	70	26	1213	1749	45	53	48	2	-52	63	1	82	21
R	70	27	1262	1749	8	21	19	6	-54	63	1	82	21
R	70	28	1274	1749	15	71	24	6	-57	63	1	82	21
R	70	29	1293	1749	16	71	24	2	-57	63	1	82	21
R	70	2A	1313	1749	25	23	33	4	-56	63	1	82	21
R	70	2B	1342	1749	35	37	39	2	-44	63	1	82	21
R	70	2C	1381	1749	13	23	19	3	-9	63	1	82	21
R	70	2D	1398	1749	19	5	24	3	-22	63	1	82	21
R	70	2E	1421	1749	10	10	19	5	-9	63	1	82	21
R	70	2F	1435	1749	27	69	27	0	-56	63	1	82	21
R	70	30	1466	1749	33	53	39	3	-52	63	1	82	21
R	70	31	1503	1749	29	51	39	6	-51	63	1	82	21
R	70	32	1536	1749	34	52	39	2	-52	63	1	82	21
R	70	33	1574	1749	33	53	39	2	-52	63	1	82	21
R	70	34	1611	1749	36	51	39	1	-51	63	1	82	21
R	70	35	1651	1749	35	52	39	1	-51	63	1	82	21
R	70	36	1690	1749	33	53	39	3	-52	63	1	82	21
R	70	37	1727	1749	33	51	39	3	-51	63	1	82	21
R	70	38	1764	1749	33	53	39	3	-52	63	1	82	21
R	70	39	1801	1749	33	53	39	3	-52	63	1	82	21
R	70	3A	1838	1749	10	38	19	5	-37	63	1	82	21
R	70	3B	1852	1749	13	51	19	3	-37	63	1	82	21
R	70	3C	1869	1749	35	32	39	2	-42	63	1	82	21
R	70	3D	1908	1749	35	22	39	2	-37	63	1	82	21
R	70	3E	1947	1749	35	32	39	2	-42	63	1	82	21
R	70	3F	1986	1749	27	55	33	3	-54	63	1	82	21
R	70	40	4	1824	60	63	66	3	-51	63	1	82	21
R	70	41	68	1824	43	51	43	0	-51	63	1	82	21
R	70	42	115	1824	36	51	46	7	-51	63	1	82	21
R	70	43	155	1824	39	53	45	4	-52	63	1	82	21
R	70	44	198	1824	38	51	48	7	-51	63	1	82	21
R	70	45	240	1824	31	51	41	7	-51	63	1	82	21
R	70	46	275	1824	30	51	39	7	-51	63	1	82	21
R	70	47	309	1824	40	53	48	4	-52	63	1	82	21
R	70	48	353	1824	37	51	51	7	-51	63	1	82	21
R	70	49	394	1824	7	51	21	7	-51	63	1	82	21
R	70	4A	405	1824	29	52	37	2	-51	63	1	82	21
R	70	4B	438	1824	38	51	45	7	-51	63	1	82	21
R	70	4C	480	1824	29	51	38	7	-51	63	1	82	21
R	70	4D	513	1824	43	51	57	7	-51	63	1	82	21
R	70	4E	560	1824	37	51	51	7	-51	63	1	82	21
R	70	4F	601	1824	44	53	52	4	-52	63	1	82	21
R	70	50	649	1824	34	51	44	7	-51	63	1	82	21
R	70	51	687	1824	45	66	52	4	-52	63	1	82	21
R	70	52	736	1824	36	51	44	7	-51	63	1	82	21
R	70	53	776	1824	36	53	42	3	-52	63	1	82	21
R	70	54	816	1824	38	51	42	2	-51	63	1	82	21
R	70	55	858	1824	38	52	50	6	-51	63	1	82	21
R	70	56	900	1824	41	51	40	0	-51	63	1	82	21
R	70	57	945	1824	59	51	61	1	-51	63	1	82	21
R	70	58	1008	1824	38	51	40	1	-51	63	1	82	21
R	70	59	1050	1824	39	51	37	-1	-51	63	1	82	21
R	70	5A	1093	1824	36	51	42	3	-51	63	1	82	21
R	70	5B	1133	1824	15	68	24	7	-56	63	1	82	21
R	70	5C	1152	1824	26	69	27	1	-56	63	1	82	21
R	70	5D	1182	1824	15	68	24	2	-56	63	1	82	21
R	70	5E	1201	1824	31	32	39	4	-53	63	1	82	21
R	70	5F	1236	1824	39	5	39	0	5	63	1	82	21
R	70	60	1279	1824	16	17	42	10	-61	63	1	82	21
R	70	61	1299	1824	30	40	39	4	-39	63	1	82	21
R	70	62	1333	1824	34	57	43	6	-56	63	1	82	21
R	70	63	1371	1824	31	40	36	3	-39	63	1	82	21
R	70	64	1406	1824	34	57	43	3	-56	63	1	82	21
R	70	65	1444	1824	33	40	39	3	-39	63	1	82	21
R	70	66	1481	1824	23	57	23	2	-57	63	1	82	21
R	70	67	1508	1824	36	57	39	3	-39	63	1	82	21
R	70	68	1548	1824	31	56	42	6	-56	63	1	82	21
R	70	69	1583	1824	9	55	19	5	-55	63	1	82	21
R	70	6A	1596	1824	18	72	19	-4	-55	63	1	82	21
R	70	6B	1618	1824	32	56	39	6	-56	63	1	82	21
R	70	6C	1654	1824	11	57	20	6	-56	63	1	82	21
R	70	6D	1669	1824	53	39	65	6	-39	63	1	82	21
R	70	6E	1726	1824	31	39	43	6	-39	63	1	82	21
R	70	6F	1761	1824	36	40	42	3	-39	63	1	82	21
R	70	70	1801	1824	34	55	43	6	-39	63	1	82	21
R	70	71	1839	1824	34	55	43	3	-39	63	1	82	21
R	70	72	1877	1824	22	39	27	6	-39	63	1	82	21
R	70	73	1903	1824	29	40	33	2	-39	63	1	82	21
R	70	74	1936	1824	25	50	26	1	-49	63	1	82	21
R	70	75	1965	1824	32	39	42	5	-38	63	1	82	21
R	70	76	2001	1824	36	38	36	0	-38	63	1	82	21
R	70	77	4	1900	54	38	56	1	-38	63	1	82	21
R	70	78	62	1900	33	38	35	1	-38	63	1	82	21
R	70	79	99	1900	36	54	36	0	-38	63	1	82	21
R	70	7A	139	1900	30	38	33	2	-38	63	1	82	21
R	70	7B	173	1900	20	68	24	2	-56	63	1	82	21
R	70	7C	197	1900	5	79	19	7	-59	63	1	82	21
R	70	7D	206	1900	19	68	24	2	-56	63	1	82	21
R	70	7E	229	1900	34	12	39	2	-32	63	1	82	21
R	70	4E66	267	1900	63	66	70	4	-60	63	1	82	21
R	70	4ECA	334	1900	66	67	70	2	-61	63	1	82	21
R	70	5171	404	1900	64	66	70	3	-60	63	1	82	21
R	70	5206	472	1900	65	65	70	3	-59	63	1	82	21
R	70	524D	541	1900	64	66	70	3	-60	63	1	82	21
R	70	5468	609	1900	60	63	70	2	-56	63	1	82	21
R	70	56F4	673	1900	60	63	70	5	-57	63	1	82	21
R	70	5747	737	1900	64	66	70	2	-60	63	1	82	21
R	70	5929	805	1900	65	60	70	3	-54	63	1	82	21
R	70	5C0F	874	1900	67	65	70	2	-59	63	1	82	21
R	70	5E74	945	1900	64	66	70	3	-60	63	1	82	21
R	70	5EA6	1013	1900	66	67	70	2	-61	63	1	82	21
R	70	5F53	1083	1900	54	66	70	8	-60	63	1	82	21
R	70	5F55	1141	1900	63	63	70	4	-57	63	1	82	21
R	70	603B	1208	1900	65	65	70	3	-60	63	1	82	21
R	70	60C5	1277	1900	67	66	70	1	-60	63	1	82	21
R	70	6309	1348	1900	66	66	70	2	-60	63	1	82	21
R	70	6570	1418	1900	66	66	70	2	-60	63	1	82	21
R	70	65E0	1488	1900	66	61	70	2	-55	63	1	82	21
R	70	65E5	1558	1900	47	60	70	12	-55	63	1	82	21
R	70	65F6	1609	1900	63	65	70	5	-60	63	1	82	21
R	70	6682	1676	1900	64	66	70	3	-60	63	1	82	21
R	70	6708	1744	1900	56	62	70	2	-56	63	1	82	21
R	70	672C	1804	1900	66	66	70	2	-60	63	1	82	21
R	70	6EE1	1874	1900	64	66	70	3	-60	63	1	82	21
R	70	7684	1942	1900	60	65	70	6	-60	63	1	82	21
R	70	79D2	4	1983	65	66	70	2	-60	63	1	82	21
R	70	7B2C	73	1983	64	66	70	3	-60	63	1	82	21
R	70	7C4D	141	1983	64	66	70	2	-60	63	1	82	21
R	70	8303	209	1983	65	66	70	3	-60	63	1	82	21
R	70	8BB0	278	1983	65	64	70	3	-59	63	1	82	21
R	70	8BE6	347	1983	65	66	70	2	-60	63	1	82	21
R	70	8BFB	416	1983	66	66	70	2	-60	63	1	82	21
R	70	8FD1	486	1983	66	65	70	2	-60	63	1	82	21
R	70	8FDB	556	1983	66	64	70	2	-59	63	1	82	21
R	70	949F	626	1983	64	66	70	2	-60	63	1	82	21
R	70	957F	694	1983	65	66	70	3	-60	63	1	82	21
R	70	9605	763	1983	58	65	70	6	-59	63	1	82	21
R	70	9875	825	1983	63	62	70	3	-56	63	1	82	21
R	70	FF0C	892	1983	15	25	70	9	-17	63	1	82	21
B	70	20	911	1983	1	1	16	0	0	63	0	82	21
B	70	21	916	1983	14	58	23	4	-55	63	1	82	21
B	70	22	934	1983	25	25	33	4	-56	63	1	82	21
B	70	23	963	1983	39	55	39	0	-53	63	1	82	21
B	70	24	1006	1983	35	72	39	2	-61	63	1	82	21
B	70	25	1045	1983	64	57	64	0	-54	63	1	82	21
B	70	26	1113	1983	49	57	48	0	-54	63	1	82	21
B	70	27	1166	1983	12	25	19	4	-56	63	1	82	21
B	70	28	1182	1983	19	75	24	4	-59	63	1	82	21
B	70	29	1205	1983	20	75	24	0	-59	63	1	82	21
B	70	2A	1229	1983	29	27	33	2	-58	63	1	82	21
B	70	2B	1262	1983	39	41	39	0	-46	63	1	82	21
B	70	2C	1305	1983	17	27	19	1	-11	63	1	82	21
B	70	2D	1326	1983	23	9	24	1	-24	63	1	82	21
B	70	2E	1353	1983	14	14	19	3	-11	63	1	82	21
B	70	2F	1371	1983	31	73	27	-2	-58	63	1	82	21
B	70	30	1406	1983	37	57	39	1	-54	63	1	82	21
B	70	31	1447	1983	33	55	39	4	-53	63	1	82	21
B	70	32	1484	1983	38	56	39	0	-54	63	1	82	21
B	70	33	1526	1983	37	57	39	0	-54	63	1	82	21
B	70	34	1567	1983	40	55	39	-1	-53	63	1	82	21
B	70	35	1611	1983	39	56	39	-1	-53	63	1	82	21
B	70	36	1654	1983	37	57	39	1	-54	63	1	82	21
B	70	37	1695	1983	37	55	39	1	-53	63	1	82	21
B	70	38	1736	1983	37	57	39	1	-54	63	1	82	21
B	70	39	1777	1983	37	57	39	1	-54	63	1	82	21
B	70	3A	1818	1983	14	42	19	3	-39	63	1	82	21
B	70	3B	1836	1983	17	55	19	1	-39	63	1	82	21
B	70	3C	1857	1983	39	36	39	0	-44	63	1	82	21
B	70	3D	1900	1983	39	26	39	0	-39	63	1	82	21
B	70	3E	1943	1983	39	36	39	0	-44	63	1	82	21
B	70	3F	1986	1983	31	59	33	1	-56	63	1	82	21
B	70	40	4	2062	64	67	66	1	-53	63	1	82	21
B	70	41	72	2062	47	55	43	-2	-53	63	1	82	21
B	70	42	123	2062	40	55	46	5	-53	63	1	82	21
B	70	43	167	2062	43	57	45	2	-54	63	1	82	21
B	70	44	214	2062	42	55	48	5	-53	63	1	82	21
B	70	45	260	2062	35	55	41	5	-53	63	1	82	21
B	70	46	299	2062	34	55	39	5	-53	63	1	82	21
B	70	47	337	2062	44	57	48	2	-54	63	1	82	21
B	70	48	385	2062	41	55	51	5	-53	63	1	82	21
B	70	49	430	2062	11	55	21	5	-53	63	1	82	21
B	70	4A	445	2062	33	56	37	0	-53	63	1	82	21
B	70	4B	482	2062	42	55	45	5	-53	63	1	82	21
B	70	4C	528	2062	33	55	38	5	-53	63	1	82	21
B	70	4D	565	2062	47	55	57	5	-53	63	1	82	21
B	70	4E	616	2062	41	55	51	5	-53	63	1	82	21
B	70	4F	661	2062	48	57	52	2	-54	63	1	82	21
B	70	50	713	2062	38	55	44	5	-53	63	1	82	21
B	70	51	755	2062	49	70	52	2	-54	63	1	82	21
B	70	52	808	2062	40	55	44	5	-53	63	1	82	21
B	70	53	852	2062	40	57	42	1	-54	63	1	82	21
B	70	54	896	2062	42	55	42	0	-53	63	1	82	21
B	70	55	942	2062	42	56	50	4	-53	63	1	82	21
B	70	56	988	2062	45	55	40	-2	-53	63	1	82	21
B	70	57	1037	2062	63	55	61	-1	-53	63	1	82	21
B	70	58	1104	2062	42	55	40	-1	-53	63	1	82	21
B	70	59	1150	2062	43	55	37	-3	-53	63	1	82	21
B	70	5A	1197	2062	40	55	42	1	-53	63	1	82	21
B	70	5B	1241	2062	19	72	24	5	-58	63	1	82	21
B	70	5C	1264	2062	30	73	27	-1	-58	63	1	82	21
B	70	5D	1298	2062	19	72	24	0	-58	63	1	82	21
B	70	5E	1321	2062	35	36	39	2	-55	63	1	82	21
B	70	5F	1360	2062	43	9	39	-2	3	63	1	82	21
B	70	60	1407	2062	20	21	42	8	-63	63	1	82	21
B	70	61	1431	2062	34	44	39	2	-41	63	1	82	21
B	70	62	1469	2062	38	61	43	4	-58	63	1	82	21
B	70	63	1511	2062	35	44	36	1	-41	63	1	82	21
B	70	64	1550	2062	38	61	43	1	-58	63	1	82	21
B	70	65	1592	2062	37	44	39	1	-41	63	1	82	21
B	70	66	1633	2062	27	61	23	0	-59	63	1	82	21
B	70	67	1664	2062	40	61	39	1	-41	63	1	82	21
B	70	68	1708	2062	35	60	42	4	-58	63	1	82	21
B	70	69	1747	2062	13	59	19	3	-57	63	1	82	21
B	70	6A	1764	2062	22	76	19	-6	-57	63	1	82	21
B	70	6B	1790	2062	36	60	39	4	-58	63	1	82	21
B	70	6C	1830	2062	15	61	20	4	-58	63	1	82	21
B	70	6D	1849	2062	57	43	65	4	-41	63	1	82	21
B	70	6E	1910	2062	35	43	43	4	-41	63	1	82	21
B	70	6F	1949	2062	40	44	42	1	-41	63	1	82	21
B	70	70	1993	2062	38	59	43	4	-41	63	1	82	21
B	70	71	4	2142	38	59	43	1	-41	63	1	82	21
B	70	72	46	2142	26	43	27	4	-41	63	1	82	21
B	70	73	76	2142	33	44	33	0	-41	63	1	82	21
B	70	74	113	2142	29	54	26	-1	-51	63	1	82	21
B	70	75	146	2142	36	43	42	3	-40	63	1	82	21
B	70	76	186	2142	40	42	36	-2	-40	63	1	82	21
B	70	77	230	2142	58	42	56	-1	-40	63	1	82	21
B	70	78	292	2142	37	42	35	-1	-40	63	1	82	21
B	70	79	333	2142	40	58	36	-2	-40	63	1	82	21
B	70	7A	377	2142	34	42	33	0	-40	63	1	82	21
B	70	7B	415	2142	24	72	24	0	-58	63	1	82	21
B	70	7C	443	2142	9	83	19	5	-61	63	1	82	21
B	70	7D	456	2142	23	72	24	0	-58	63	1	82	21
B	70	7E	483	2142	39	16	39	0	-34	63	1	82	21
B	70	4E66	526	2142	67	70	70	2	-62	63	1	82	21
B	70	4ECA	597	2142	70	71	70	0	-63	63	1	82	21
B	70	5171	671	2142	68	70	70	1	-62	63	1	82	21
B	70	5206	743	2142	69	69	70	1	-61	63	1	82	21
B	70	524D	816	2142	68	70	70	1	-62	63	1	82	21
B	70	5468	888	2142	64	67	70	0	-58	63	1	82	21
B	70	56F4	956	2142	64	67	70	3	-59	63	1	82	21
B	70	5747	1024	2142	68	70	70	0	-62	63	1	82	21
B	70	5929	1096	2142	70	64	70	0	-56	63	1	82	21
B	70	5C0F	1170	2142	71	69	70	0	-61	63	1	82	21
B	70	5E74	1245	2142	68	70	70	1	-62	63	1	82	21
B	70	5EA6	1317	2142	70	71	70	0	-63	63	1	82	21
B	70	5F53	1391	2142	58	70	70	6	-62	63	1	82	21
B	70	5F55	1453	2142	67	67	70	2	-59	63	1	82	21
B	70	603B	1524	2142	68	69	70	1	-62	63	1	82	21
B	70	60C5	1596	2142	71	70	70	-1	-62	63	1	82	21
B	70	6309	1671	2142	70	70	70	0	-62	63	1	82	21
B	70	6570	1745	2142	71	70	70	0	-62	63	1	82	21
B	70	65E0	1820	2142	70	65	70	0	-57	63	1	82	21
B	70	65E5	1894	2142	51	64	70	10	-57	63	1	82	21
B	70	65F6	1949	2142	67	69	70	3	-62	63	1	82	21
B	70	6682	4	2229	68	70	70	1	-62	63	1	82	21
B	70	6708	76	2229	60	66	70	0	-58	63	1	82	21
B	70	672C	140	2229	70	70	70	0	-62	63	1	82	21
B	70	6EE1	214	2229	69	70	70	0	-62	63	1	82	21
B	70	7684	287	2229	64	69	70	4	-62	63	1	82	21
B	70	79D2	355	2229	69	70	70	0	-62	63	1	82	21
B	70	7B2C	428	2229	68	70	70	1	-62	63	1	82	21
B	70	7C4D	500	2229	68	70	70	0	-62	63	1	82	21
B	70	8303	572	2229	69	70	70	1	-62	63	1	82	21
B	70	8BB0	645	2229	69	68	70	1	-61	63	1	82	21
B	70	8BE6	718	2229	69	70	70	0	-62	63	1	82	21
B	70	8BFB	791	2229	70	71	70	0	-62	63	1	82	21
B	70	8FD1	865	2229	70	69	70	0	-62	63	1	82	21
B	70	8FDB	939	2229	70	68	70	0	-61	63	1	82	21
B	70	949F	1013	2229	68	70	70	0	-62	63	1	82	21
B	70	957F	1085	2229	69	70	70	1	-62	63	1	82	21
B	70	9605	1158	2229	62	69	70	4	-61	63	1	82	21
B	70	9875	1224	2229	67	66	70	1	-58	63	1	82	21
B	70	FF0C	1295	2229	19	29	70	7	-19	63	1	82	21
